-- MySQL dump 10.13  Distrib 5.7.30, for Linux (x86_64)
--
-- Host: localhost    Database: suavy
-- ------------------------------------------------------
-- Server version	5.7.30-0ubuntu0.18.04.1

/*!40101 SET @OLD_CHARACTER_SET_CLIENT=@@CHARACTER_SET_CLIENT */;
/*!40101 SET @OLD_CHARACTER_SET_RESULTS=@@CHARACTER_SET_RESULTS */;
/*!40101 SET @OLD_COLLATION_CONNECTION=@@COLLATION_CONNECTION */;
/*!40101 SET NAMES utf8 */;
/*!40103 SET @OLD_TIME_ZONE=@@TIME_ZONE */;
/*!40103 SET TIME_ZONE='+00:00' */;
/*!40014 SET @OLD_UNIQUE_CHECKS=@@UNIQUE_CHECKS, UNIQUE_CHECKS=0 */;
/*!40014 SET @OLD_FOREIGN_KEY_CHECKS=@@FOREIGN_KEY_CHECKS, FOREIGN_KEY_CHECKS=0 */;
/*!40101 SET @OLD_SQL_MODE=@@SQL_MODE, SQL_MODE='NO_AUTO_VALUE_ON_ZERO' */;
/*!40111 SET @OLD_SQL_NOTES=@@SQL_NOTES, SQL_NOTES=0 */;

--
-- Table structure for table `budgets`
--

DROP TABLE IF EXISTS `budgets`;
/*!40101 SET @saved_cs_client     = @@character_set_client */;
/*!40101 SET character_set_client = utf8 */;
CREATE TABLE `budgets` (
  `id` bigint(20) unsigned NOT NULL AUTO_INCREMENT,
  `name_fr` varchar(255) COLLATE utf8mb4_unicode_ci NOT NULL,
  `name_en` varchar(255) COLLATE utf8mb4_unicode_ci NOT NULL,
  `name_pt` varchar(255) COLLATE utf8mb4_unicode_ci NOT NULL,
  `name_es` varchar(255) COLLATE utf8mb4_unicode_ci NOT NULL,
  `parent_id` int(11) DEFAULT '0',
  `lft` int(11) NOT NULL DEFAULT '0',
  `rgt` int(11) NOT NULL DEFAULT '0',
  `depth` int(11) NOT NULL DEFAULT '0',
  `created_at` timestamp NULL DEFAULT NULL,
  `updated_at` timestamp NULL DEFAULT NULL,
  PRIMARY KEY (`id`)
) ENGINE=InnoDB AUTO_INCREMENT=5 DEFAULT CHARSET=utf8mb4 COLLATE=utf8mb4_unicode_ci;
/*!40101 SET character_set_client = @saved_cs_client */;

--
-- Dumping data for table `budgets`
--

LOCK TABLES `budgets` WRITE;
/*!40000 ALTER TABLE `budgets` DISABLE KEYS */;
INSERT INTO `budgets` VALUES (1,'< 2000 €','< 2000 €','< 2000 €','< 2000 €',0,0,0,0,'2020-05-17 17:44:48','2020-05-17 17:44:48'),(2,'2000-4000€','2000-4000€','2000-4000€','2000-4000€',0,0,0,0,'2020-05-17 17:44:48','2020-05-17 17:44:48'),(3,'4000€-7000€','4000€-7000€','4000€-7000€','4000€-7000€',0,0,0,0,'2020-05-17 17:44:48','2020-05-17 17:44:48'),(4,'7000€','7000€','7000€','7000€',0,0,0,0,'2020-05-17 17:44:48','2020-05-17 17:44:48');
/*!40000 ALTER TABLE `budgets` ENABLE KEYS */;
UNLOCK TABLES;

--
-- Table structure for table `cities`
--

DROP TABLE IF EXISTS `cities`;
/*!40101 SET @saved_cs_client     = @@character_set_client */;
/*!40101 SET character_set_client = utf8 */;
CREATE TABLE `cities` (
  `id` bigint(20) unsigned NOT NULL AUTO_INCREMENT,
  `name_fr` varchar(255) COLLATE utf8mb4_unicode_ci DEFAULT NULL,
  `name_pt` varchar(255) COLLATE utf8mb4_unicode_ci DEFAULT NULL,
  `name_en` varchar(255) COLLATE utf8mb4_unicode_ci DEFAULT NULL,
  `name_es` varchar(255) COLLATE utf8mb4_unicode_ci DEFAULT NULL,
  `country_id` bigint(20) unsigned NOT NULL,
  `created_at` timestamp NULL DEFAULT NULL,
  `updated_at` timestamp NULL DEFAULT NULL,
  PRIMARY KEY (`id`),
  KEY `cities_country_id_foreign` (`country_id`),
  CONSTRAINT `cities_country_id_foreign` FOREIGN KEY (`country_id`) REFERENCES `countries` (`id`) ON DELETE CASCADE
) ENGINE=InnoDB AUTO_INCREMENT=4 DEFAULT CHARSET=utf8mb4 COLLATE=utf8mb4_unicode_ci;
/*!40101 SET character_set_client = @saved_cs_client */;

--
-- Dumping data for table `cities`
--

LOCK TABLES `cities` WRITE;
/*!40000 ALTER TABLE `cities` DISABLE KEYS */;
INSERT INTO `cities` VALUES (1,'Paris','Paris','Paris','Paris',1,'2020-05-17 17:44:47','2020-05-17 17:44:47'),(2,'Rio de Janeiro','Rio de Janeiro','Rio de Janeiro','Rio de Janeiro',3,'2020-05-17 17:44:47','2020-05-17 17:44:47'),(3,'Porto','Porto','Porto','Porto',2,'2020-05-17 17:44:47','2020-05-17 17:44:47');
/*!40000 ALTER TABLE `cities` ENABLE KEYS */;
UNLOCK TABLES;

--
-- Table structure for table `contact_budget`
--

DROP TABLE IF EXISTS `contact_budget`;
/*!40101 SET @saved_cs_client     = @@character_set_client */;
/*!40101 SET character_set_client = utf8 */;
CREATE TABLE `contact_budget` (
  `id` bigint(20) unsigned NOT NULL AUTO_INCREMENT,
  `contact_id` bigint(20) unsigned NOT NULL,
  `budget_id` bigint(20) unsigned NOT NULL,
  PRIMARY KEY (`id`),
  KEY `contact_budget_contact_id_foreign` (`contact_id`),
  KEY `contact_budget_budget_id_foreign` (`budget_id`),
  CONSTRAINT `contact_budget_budget_id_foreign` FOREIGN KEY (`budget_id`) REFERENCES `budgets` (`id`) ON DELETE CASCADE,
  CONSTRAINT `contact_budget_contact_id_foreign` FOREIGN KEY (`contact_id`) REFERENCES `contacts` (`id`) ON DELETE CASCADE
) ENGINE=InnoDB DEFAULT CHARSET=utf8mb4 COLLATE=utf8mb4_unicode_ci;
/*!40101 SET character_set_client = @saved_cs_client */;

--
-- Dumping data for table `contact_budget`
--

LOCK TABLES `contact_budget` WRITE;
/*!40000 ALTER TABLE `contact_budget` DISABLE KEYS */;
/*!40000 ALTER TABLE `contact_budget` ENABLE KEYS */;
UNLOCK TABLES;

--
-- Table structure for table `contact_delivery`
--

DROP TABLE IF EXISTS `contact_delivery`;
/*!40101 SET @saved_cs_client     = @@character_set_client */;
/*!40101 SET character_set_client = utf8 */;
CREATE TABLE `contact_delivery` (
  `id` bigint(20) unsigned NOT NULL AUTO_INCREMENT,
  `contact_id` bigint(20) unsigned NOT NULL,
  `delivery_id` bigint(20) unsigned NOT NULL,
  PRIMARY KEY (`id`),
  KEY `contact_delivery_contact_id_foreign` (`contact_id`),
  KEY `contact_delivery_delivery_id_foreign` (`delivery_id`),
  CONSTRAINT `contact_delivery_contact_id_foreign` FOREIGN KEY (`contact_id`) REFERENCES `contacts` (`id`) ON DELETE CASCADE,
  CONSTRAINT `contact_delivery_delivery_id_foreign` FOREIGN KEY (`delivery_id`) REFERENCES `deliveries` (`id`) ON DELETE CASCADE
) ENGINE=InnoDB DEFAULT CHARSET=utf8mb4 COLLATE=utf8mb4_unicode_ci;
/*!40101 SET character_set_client = @saved_cs_client */;

--
-- Dumping data for table `contact_delivery`
--

LOCK TABLES `contact_delivery` WRITE;
/*!40000 ALTER TABLE `contact_delivery` DISABLE KEYS */;
/*!40000 ALTER TABLE `contact_delivery` ENABLE KEYS */;
UNLOCK TABLES;

--
-- Table structure for table `contact_service`
--

DROP TABLE IF EXISTS `contact_service`;
/*!40101 SET @saved_cs_client     = @@character_set_client */;
/*!40101 SET character_set_client = utf8 */;
CREATE TABLE `contact_service` (
  `id` bigint(20) unsigned NOT NULL AUTO_INCREMENT,
  `contact_id` bigint(20) unsigned NOT NULL,
  `service_id` bigint(20) unsigned NOT NULL,
  PRIMARY KEY (`id`),
  KEY `contact_service_contact_id_foreign` (`contact_id`),
  KEY `contact_service_service_id_foreign` (`service_id`),
  CONSTRAINT `contact_service_contact_id_foreign` FOREIGN KEY (`contact_id`) REFERENCES `contacts` (`id`) ON DELETE CASCADE,
  CONSTRAINT `contact_service_service_id_foreign` FOREIGN KEY (`service_id`) REFERENCES `services` (`id`) ON DELETE CASCADE
) ENGINE=InnoDB DEFAULT CHARSET=utf8mb4 COLLATE=utf8mb4_unicode_ci;
/*!40101 SET character_set_client = @saved_cs_client */;

--
-- Dumping data for table `contact_service`
--

LOCK TABLES `contact_service` WRITE;
/*!40000 ALTER TABLE `contact_service` DISABLE KEYS */;
/*!40000 ALTER TABLE `contact_service` ENABLE KEYS */;
UNLOCK TABLES;

--
-- Table structure for table `contacts`
--

DROP TABLE IF EXISTS `contacts`;
/*!40101 SET @saved_cs_client     = @@character_set_client */;
/*!40101 SET character_set_client = utf8 */;
CREATE TABLE `contacts` (
  `id` bigint(20) unsigned NOT NULL AUTO_INCREMENT,
  `email` varchar(255) COLLATE utf8mb4_unicode_ci NOT NULL,
  `name` varchar(255) COLLATE utf8mb4_unicode_ci NOT NULL,
  `message` text COLLATE utf8mb4_unicode_ci NOT NULL,
  `created_at` timestamp NULL DEFAULT NULL,
  `updated_at` timestamp NULL DEFAULT NULL,
  PRIMARY KEY (`id`)
) ENGINE=InnoDB DEFAULT CHARSET=utf8mb4 COLLATE=utf8mb4_unicode_ci;
/*!40101 SET character_set_client = @saved_cs_client */;

--
-- Dumping data for table `contacts`
--

LOCK TABLES `contacts` WRITE;
/*!40000 ALTER TABLE `contacts` DISABLE KEYS */;
/*!40000 ALTER TABLE `contacts` ENABLE KEYS */;
UNLOCK TABLES;

--
-- Table structure for table `countries`
--

DROP TABLE IF EXISTS `countries`;
/*!40101 SET @saved_cs_client     = @@character_set_client */;
/*!40101 SET character_set_client = utf8 */;
CREATE TABLE `countries` (
  `id` bigint(20) unsigned NOT NULL AUTO_INCREMENT,
  `name_fr` varchar(255) COLLATE utf8mb4_unicode_ci DEFAULT NULL,
  `name_pt` varchar(255) COLLATE utf8mb4_unicode_ci DEFAULT NULL,
  `name_en` varchar(255) COLLATE utf8mb4_unicode_ci DEFAULT NULL,
  `name_es` varchar(255) COLLATE utf8mb4_unicode_ci DEFAULT NULL,
  `code` varchar(2) COLLATE utf8mb4_unicode_ci DEFAULT NULL,
  `map_marker_position_top` decimal(5,2) DEFAULT NULL,
  `map_marker_position_left` decimal(5,2) DEFAULT NULL,
  `created_at` timestamp NULL DEFAULT NULL,
  `updated_at` timestamp NULL DEFAULT NULL,
  PRIMARY KEY (`id`)
) ENGINE=InnoDB AUTO_INCREMENT=16 DEFAULT CHARSET=utf8mb4 COLLATE=utf8mb4_unicode_ci;
/*!40101 SET character_set_client = @saved_cs_client */;

--
-- Dumping data for table `countries`
--

LOCK TABLES `countries` WRITE;
/*!40000 ALTER TABLE `countries` DISABLE KEYS */;
INSERT INTO `countries` VALUES (1,'France','França','France','Francia','FR',47.20,47.60,'2020-05-17 17:44:47','2020-05-17 17:44:47'),(2,'Portugal','Portugal','Portugal','Portugal','PT',52.00,44.30,'2020-05-17 17:44:47','2020-05-17 17:44:47'),(3,'Brésil','Brasil','Brazil','Brasil','BR',79.30,35.00,'2020-05-17 17:44:47','2020-05-17 17:44:47'),(4,'Belgique','Bélgica','Belgium','Bélgica','BE',NULL,NULL,'2020-05-17 17:44:47','2020-05-17 17:44:47'),(5,'Espagne','Espanha','Spain','España','ES',NULL,NULL,'2020-05-17 17:44:47','2020-05-17 17:44:47'),(6,'Canada','Canadá','Canada','Canadá','CA',NULL,NULL,'2020-05-17 17:44:47','2020-05-17 17:44:47'),(7,'Suisse','Suíça','Swiss','Suiza','CH',NULL,NULL,'2020-05-17 17:44:47','2020-05-17 17:44:47'),(8,'Allemagne','Alemanha','Germany','Alemania','DE',NULL,NULL,'2020-05-17 17:44:47','2020-05-17 17:44:47'),(9,'Danemark','Dinamarca','Dinamarca','Denmark','DK',NULL,NULL,'2020-05-17 17:44:47','2020-05-17 17:44:47'),(10,'Grèce','Grécia','Greece','Grecia','GR',NULL,NULL,'2020-05-17 17:44:47','2020-05-17 17:44:47'),(11,'Inde','Índia','India','India','IN',NULL,NULL,'2020-05-17 17:44:47','2020-05-17 17:44:47'),(12,'Italie','Itália','Italy','Italia','IT',NULL,NULL,'2020-05-17 17:44:47','2020-05-17 17:44:47'),(13,'Suède','Suécia','Sweden','Suecia','SE',NULL,NULL,'2020-05-17 17:44:47','2020-05-17 17:44:47'),(14,'Royaume-Uni','Reino Unido','United Kingdom','Reino Unido','UK',NULL,NULL,'2020-05-17 17:44:47','2020-05-17 17:44:47'),(15,'États-Unis','Estados Unidos','United States','Estados Unidos','US',NULL,NULL,'2020-05-17 17:44:47','2020-05-17 17:44:47');
/*!40000 ALTER TABLE `countries` ENABLE KEYS */;
UNLOCK TABLES;

--
-- Table structure for table `deliveries`
--

DROP TABLE IF EXISTS `deliveries`;
/*!40101 SET @saved_cs_client     = @@character_set_client */;
/*!40101 SET character_set_client = utf8 */;
CREATE TABLE `deliveries` (
  `id` bigint(20) unsigned NOT NULL AUTO_INCREMENT,
  `name_fr` varchar(255) COLLATE utf8mb4_unicode_ci NOT NULL,
  `name_en` varchar(255) COLLATE utf8mb4_unicode_ci NOT NULL,
  `name_pt` varchar(255) COLLATE utf8mb4_unicode_ci NOT NULL,
  `name_es` varchar(255) COLLATE utf8mb4_unicode_ci NOT NULL,
  `parent_id` int(11) DEFAULT '0',
  `lft` int(11) NOT NULL DEFAULT '0',
  `rgt` int(11) NOT NULL DEFAULT '0',
  `depth` int(11) NOT NULL DEFAULT '0',
  `created_at` timestamp NULL DEFAULT NULL,
  `updated_at` timestamp NULL DEFAULT NULL,
  PRIMARY KEY (`id`)
) ENGINE=InnoDB AUTO_INCREMENT=5 DEFAULT CHARSET=utf8mb4 COLLATE=utf8mb4_unicode_ci;
/*!40101 SET character_set_client = @saved_cs_client */;

--
-- Dumping data for table `deliveries`
--

LOCK TABLES `deliveries` WRITE;
/*!40000 ALTER TABLE `deliveries` DISABLE KEYS */;
INSERT INTO `deliveries` VALUES (1,'< 1 mois','< 1 month','< 1 mês','< 1 mes',0,0,0,0,'2020-05-17 17:44:48','2020-05-17 17:44:48'),(2,'1-3 mois','1-3 month','1-3 mês','1-3 mes',0,0,0,0,'2020-05-17 17:44:48','2020-05-17 17:44:48'),(3,'3-6 mois','3-6 month','3-6 mês','3-6 mes',0,0,0,0,'2020-05-17 17:44:48','2020-05-17 17:44:48'),(4,'> 6 mois','> 6 month','> 6 mês','> 6 mes',0,0,0,0,'2020-05-17 17:44:48','2020-05-17 17:44:48');
/*!40000 ALTER TABLE `deliveries` ENABLE KEYS */;
UNLOCK TABLES;

--
-- Table structure for table `interests`
--

DROP TABLE IF EXISTS `interests`;
/*!40101 SET @saved_cs_client     = @@character_set_client */;
/*!40101 SET character_set_client = utf8 */;
CREATE TABLE `interests` (
  `id` bigint(20) unsigned NOT NULL AUTO_INCREMENT,
  `name_fr` varchar(255) COLLATE utf8mb4_unicode_ci DEFAULT NULL,
  `name_pt` varchar(255) COLLATE utf8mb4_unicode_ci DEFAULT NULL,
  `name_en` varchar(255) COLLATE utf8mb4_unicode_ci DEFAULT NULL,
  `name_es` varchar(255) COLLATE utf8mb4_unicode_ci DEFAULT NULL,
  `icon` varchar(255) COLLATE utf8mb4_unicode_ci DEFAULT NULL,
  `color` varchar(255) COLLATE utf8mb4_unicode_ci DEFAULT NULL,
  `created_at` timestamp NULL DEFAULT NULL,
  `updated_at` timestamp NULL DEFAULT NULL,
  PRIMARY KEY (`id`)
) ENGINE=InnoDB AUTO_INCREMENT=7 DEFAULT CHARSET=utf8mb4 COLLATE=utf8mb4_unicode_ci;
/*!40101 SET character_set_client = @saved_cs_client */;

--
-- Dumping data for table `interests`
--

LOCK TABLES `interests` WRITE;
/*!40000 ALTER TABLE `interests` DISABLE KEYS */;
INSERT INTO `interests` VALUES (1,'Informatique','Informática','Computer science','','fad fa-fw fa-laptop','','2020-05-17 17:44:48','2020-05-17 17:44:48'),(2,'Cuisine','Cozinhar','Cooking','','fad fa-fw fa-cauldron','','2020-05-17 17:44:48','2020-05-17 17:44:48'),(3,'Roller','Roller','Roller','','fad fa-fw fa-skating','','2020-05-17 17:44:48','2020-05-17 17:44:48'),(4,'Nature','Natureza','Nature','','fad fa-fw fa-tree-alt','','2020-05-17 17:44:48','2020-05-17 17:44:48'),(5,'Astrophysique','Astrofísica','Astrophysics','Astrofísica','fad fa-solar-system','','2020-05-17 17:44:48','2020-05-17 17:44:48'),(6,'Jeux video','Video games','Video games','Vídeo juegos','fas fa-gamepad-alt','','2020-05-17 17:44:48','2020-05-17 17:44:48');
/*!40000 ALTER TABLE `interests` ENABLE KEYS */;
UNLOCK TABLES;

--
-- Table structure for table `migrations`
--

DROP TABLE IF EXISTS `migrations`;
/*!40101 SET @saved_cs_client     = @@character_set_client */;
/*!40101 SET character_set_client = utf8 */;
CREATE TABLE `migrations` (
  `id` int(10) unsigned NOT NULL AUTO_INCREMENT,
  `migration` varchar(255) COLLATE utf8mb4_unicode_ci NOT NULL,
  `batch` int(11) NOT NULL,
  PRIMARY KEY (`id`)
) ENGINE=InnoDB AUTO_INCREMENT=13 DEFAULT CHARSET=utf8mb4 COLLATE=utf8mb4_unicode_ci;
/*!40101 SET character_set_client = @saved_cs_client */;

--
-- Dumping data for table `migrations`
--

LOCK TABLES `migrations` WRITE;
/*!40000 ALTER TABLE `migrations` DISABLE KEYS */;
INSERT INTO `migrations` VALUES (1,'2019_08_15_000000_create_country_table',1),(2,'2019_08_16_000000_create_city_table',1),(3,'2019_08_18_000000_create_users_table',1),(4,'2019_08_26_110000_create_skills_table',1),(5,'2019_08_28_220000_create_projects_table',1),(6,'2019_08_30_000000_create_project_features_table',1),(7,'2019_09_02_105000_create_project_skill_table',1),(8,'2019_09_04_130000_create_interests_table',1),(9,'2019_09_04_130000_create_services_table',1),(10,'2019_09_24_150000_create_open_source_projects_table',1),(11,'2019_09_26_000000_create_metas_table',1),(12,'2019_09_28_000000_create_contacts_table',1);
/*!40000 ALTER TABLE `migrations` ENABLE KEYS */;
UNLOCK TABLES;

--
-- Table structure for table `open_source_projects`
--

DROP TABLE IF EXISTS `open_source_projects`;
/*!40101 SET @saved_cs_client     = @@character_set_client */;
/*!40101 SET character_set_client = utf8 */;
CREATE TABLE `open_source_projects` (
  `id` bigint(20) unsigned NOT NULL AUTO_INCREMENT,
  `slug` varchar(255) COLLATE utf8mb4_unicode_ci NOT NULL,
  `name` varchar(255) COLLATE utf8mb4_unicode_ci NOT NULL,
  `description_fr` text COLLATE utf8mb4_unicode_ci,
  `description_pt` text COLLATE utf8mb4_unicode_ci,
  `description_en` text COLLATE utf8mb4_unicode_ci,
  `description_es` text COLLATE utf8mb4_unicode_ci,
  `color` varchar(255) COLLATE utf8mb4_unicode_ci DEFAULT NULL,
  `color_light` varchar(255) COLLATE utf8mb4_unicode_ci DEFAULT NULL,
  `source_link` varchar(500) COLLATE utf8mb4_unicode_ci DEFAULT NULL,
  `website_link` varchar(500) COLLATE utf8mb4_unicode_ci DEFAULT NULL,
  `started_at` timestamp NULL DEFAULT NULL,
  `ended_at` timestamp NULL DEFAULT NULL,
  `parent_id` int(11) DEFAULT '0',
  `lft` int(11) NOT NULL DEFAULT '0',
  `rgt` int(11) NOT NULL DEFAULT '0',
  `depth` int(11) NOT NULL DEFAULT '0',
  `created_at` timestamp NULL DEFAULT NULL,
  `updated_at` timestamp NULL DEFAULT NULL,
  PRIMARY KEY (`id`),
  UNIQUE KEY `open_source_projects_slug_unique` (`slug`)
) ENGINE=InnoDB AUTO_INCREMENT=2 DEFAULT CHARSET=utf8mb4 COLLATE=utf8mb4_unicode_ci;
/*!40101 SET character_set_client = @saved_cs_client */;

--
-- Dumping data for table `open_source_projects`
--

LOCK TABLES `open_source_projects` WRITE;
/*!40000 ALTER TABLE `open_source_projects` DISABLE KEYS */;
INSERT INTO `open_source_projects` VALUES (1,'my-online-resume','My Online Resume','Lorem ipsum dolor sit amet, consectetur adipiscing elit.','','','','#1e3799','rgba(30,55,153,0.2)','https://github.com/cdo9/my-online-resume','','2019-08-15 00:00:00',NULL,0,0,0,0,'2020-05-17 17:44:48','2020-05-17 17:44:48');
/*!40000 ALTER TABLE `open_source_projects` ENABLE KEYS */;
UNLOCK TABLES;

--
-- Table structure for table `project_features`
--

DROP TABLE IF EXISTS `project_features`;
/*!40101 SET @saved_cs_client     = @@character_set_client */;
/*!40101 SET character_set_client = utf8 */;
CREATE TABLE `project_features` (
  `id` bigint(20) unsigned NOT NULL AUTO_INCREMENT,
  `name_fr` text COLLATE utf8mb4_unicode_ci,
  `name_pt` text COLLATE utf8mb4_unicode_ci,
  `name_en` text COLLATE utf8mb4_unicode_ci,
  `name_es` text COLLATE utf8mb4_unicode_ci,
  `parent_id` int(11) DEFAULT '0',
  `lft` int(11) NOT NULL DEFAULT '0',
  `rgt` int(11) NOT NULL DEFAULT '0',
  `depth` int(11) NOT NULL DEFAULT '0',
  `project_id` bigint(20) unsigned NOT NULL,
  `created_at` timestamp NULL DEFAULT NULL,
  `updated_at` timestamp NULL DEFAULT NULL,
  PRIMARY KEY (`id`),
  KEY `project_features_project_id_foreign` (`project_id`),
  CONSTRAINT `project_features_project_id_foreign` FOREIGN KEY (`project_id`) REFERENCES `projects` (`id`) ON DELETE CASCADE
) ENGINE=InnoDB AUTO_INCREMENT=6 DEFAULT CHARSET=utf8mb4 COLLATE=utf8mb4_unicode_ci;
/*!40101 SET character_set_client = @saved_cs_client */;

--
-- Dumping data for table `project_features`
--

LOCK TABLES `project_features` WRITE;
/*!40000 ALTER TABLE `project_features` DISABLE KEYS */;
INSERT INTO `project_features` VALUES (1,'Annonces médicales avec : 10 types d’annonces, 60 spécialités, 4 types de comptes donc 60x10x4 possibilités de formulaires de création',NULL,NULL,NULL,0,0,0,0,1,'2020-05-17 17:44:48','2020-05-17 17:44:48'),(2,'Contrats de travail 100% dématérialisés avec signature éléctronique et transmission à l’ordre des médecins',NULL,NULL,NULL,0,0,0,0,1,'2020-05-17 17:44:48','2020-05-17 17:44:48'),(3,'Recherche d\'annonces (+10.000) en quelques ms avec Algolia et affichage sur une map Mabox',NULL,NULL,NULL,0,0,0,0,1,'2020-05-17 17:44:48','2020-05-17 17:44:48'),(4,'Paiement sécurisé avec Stripe',NULL,NULL,NULL,0,0,0,0,1,'2020-05-17 17:44:48','2020-05-17 17:44:48'),(5,'Recrutement de remplaçants par SMS',NULL,NULL,NULL,0,0,0,0,1,'2020-05-17 17:44:48','2020-05-17 17:44:48');
/*!40000 ALTER TABLE `project_features` ENABLE KEYS */;
UNLOCK TABLES;

--
-- Table structure for table `project_skill`
--

DROP TABLE IF EXISTS `project_skill`;
/*!40101 SET @saved_cs_client     = @@character_set_client */;
/*!40101 SET character_set_client = utf8 */;
CREATE TABLE `project_skill` (
  `id` bigint(20) unsigned NOT NULL AUTO_INCREMENT,
  `project_id` bigint(20) unsigned DEFAULT NULL,
  `skill_id` bigint(20) unsigned DEFAULT NULL,
  `created_at` timestamp NULL DEFAULT NULL,
  `updated_at` timestamp NULL DEFAULT NULL,
  PRIMARY KEY (`id`),
  KEY `project_skill_project_id_foreign` (`project_id`),
  KEY `project_skill_skill_id_foreign` (`skill_id`),
  CONSTRAINT `project_skill_project_id_foreign` FOREIGN KEY (`project_id`) REFERENCES `projects` (`id`) ON DELETE CASCADE,
  CONSTRAINT `project_skill_skill_id_foreign` FOREIGN KEY (`skill_id`) REFERENCES `skills` (`id`) ON DELETE CASCADE
) ENGINE=InnoDB AUTO_INCREMENT=26 DEFAULT CHARSET=utf8mb4 COLLATE=utf8mb4_unicode_ci;
/*!40101 SET character_set_client = @saved_cs_client */;

--
-- Dumping data for table `project_skill`
--

LOCK TABLES `project_skill` WRITE;
/*!40000 ALTER TABLE `project_skill` DISABLE KEYS */;
INSERT INTO `project_skill` VALUES (1,1,9,NULL,NULL),(2,1,5,NULL,NULL),(3,1,13,NULL,NULL),(4,1,24,NULL,NULL),(5,1,25,NULL,NULL),(6,2,9,NULL,NULL),(7,2,1,NULL,NULL),(8,2,4,NULL,NULL),(9,2,22,NULL,NULL),(10,2,13,NULL,NULL),(11,5,11,NULL,NULL),(12,5,1,NULL,NULL),(13,5,4,NULL,NULL),(14,5,5,NULL,NULL),(15,5,22,NULL,NULL),(16,3,11,NULL,NULL),(17,3,1,NULL,NULL),(18,3,4,NULL,NULL),(19,3,22,NULL,NULL),(20,3,13,NULL,NULL),(21,4,12,NULL,NULL),(22,4,1,NULL,NULL),(23,4,4,NULL,NULL),(24,4,22,NULL,NULL),(25,4,13,NULL,NULL);
/*!40000 ALTER TABLE `project_skill` ENABLE KEYS */;
UNLOCK TABLES;

--
-- Table structure for table `projects`
--

DROP TABLE IF EXISTS `projects`;
/*!40101 SET @saved_cs_client     = @@character_set_client */;
/*!40101 SET character_set_client = utf8 */;
CREATE TABLE `projects` (
  `id` bigint(20) unsigned NOT NULL AUTO_INCREMENT,
  `slug` varchar(255) COLLATE utf8mb4_unicode_ci NOT NULL,
  `name` varchar(255) COLLATE utf8mb4_unicode_ci NOT NULL,
  `description_fr` text COLLATE utf8mb4_unicode_ci,
  `description_pt` text COLLATE utf8mb4_unicode_ci,
  `description_en` text COLLATE utf8mb4_unicode_ci,
  `description_es` text COLLATE utf8mb4_unicode_ci,
  `area` varchar(255) COLLATE utf8mb4_unicode_ci DEFAULT NULL,
  `company_logo` varchar(255) COLLATE utf8mb4_unicode_ci DEFAULT NULL,
  `color` varchar(255) COLLATE utf8mb4_unicode_ci DEFAULT NULL,
  `color_light` varchar(255) COLLATE utf8mb4_unicode_ci DEFAULT NULL,
  `started_at` timestamp NULL DEFAULT NULL,
  `ended_at` timestamp NULL DEFAULT NULL,
  `disabled` tinyint(1) NOT NULL DEFAULT '0',
  `parent_id` int(11) DEFAULT '0',
  `lft` int(11) NOT NULL DEFAULT '0',
  `rgt` int(11) NOT NULL DEFAULT '0',
  `depth` int(11) NOT NULL DEFAULT '0',
  `created_at` timestamp NULL DEFAULT NULL,
  `updated_at` timestamp NULL DEFAULT NULL,
  PRIMARY KEY (`id`),
  UNIQUE KEY `projects_slug_unique` (`slug`)
) ENGINE=InnoDB AUTO_INCREMENT=7 DEFAULT CHARSET=utf8mb4 COLLATE=utf8mb4_unicode_ci;
/*!40101 SET character_set_client = @saved_cs_client */;

--
-- Dumping data for table `projects`
--

LOCK TABLES `projects` WRITE;
/*!40000 ALTER TABLE `projects` DISABLE KEYS */;
INSERT INTO `projects` VALUES (1,'remplafrance','RemplaFrance','Lorem ipsum dolor sit amet, consectetur adipiscing elit, sed do eiusmod tempor incididunt ut labore et dolore magna aliqua. Ut enim ad minim veniam, quis nostrud exercitation ullamco laboris nisi ut aliquip ex ea commodo consequat. Duis aute irure dolor in reprehenderit in voluptate velit esse cillum dolore eu fugiat nulla pariatur. Excepteur sint occaecat cupidatat non proident, sunt in culpa qui officia deserunt mollit anim id est laborum.',NULL,NULL,NULL,'Neuilly-sur-Seine','company_logos/b662dee3f80c69ebfd1a2f667ca4f88d.svg','#1e3799','rgba(30,55,153,0.2)','2017-09-01 00:00:00',NULL,0,0,0,0,0,'2020-05-17 17:44:48','2020-05-18 09:18:06'),(2,'victor-charles','Victor & Charles','Lorem ipsum dolor sit amet, consectetur adipiscing elit, sed do eiusmod tempor incididunt ut labore et dolore magna aliqua. Ut enim ad minim veniam, quis nostrud exercitation ullamco laboris nisi ut aliquip ex ea commodo consequat. Duis aute irure dolor in reprehenderit in voluptate velit esse cillum dolore eu fugiat nulla pariatur. Excepteur sint occaecat cupidatat non proident, sunt in culpa qui officia deserunt mollit anim id est laborum.',NULL,NULL,NULL,'Paris',NULL,'#1dabe3','rgba(29,171,227,0.2)','2015-10-01 00:00:00','2018-12-31 00:00:00',1,0,0,0,0,'2020-05-17 17:44:48','2020-05-18 09:18:41'),(3,'nolim-bd','NolimBD (Carrefour)','Lorem ipsum dolor sit amet, consectetur adipiscing elit, sed do eiusmod tempor incididunt ut labore et dolore magna aliqua. Ut enim ad minim veniam, quis nostrud exercitation ullamco laboris nisi ut aliquip ex ea commodo consequat. Duis aute irure dolor in reprehenderit in voluptate velit esse cillum dolore eu fugiat nulla pariatur. Excepteur sint occaecat cupidatat non proident, sunt in culpa qui officia deserunt mollit anim id est laborum.',NULL,NULL,NULL,'Paris','company_logos/9699f6a977c448c16796d7a84bb310cd.svg','#045499','rgba(4,84,153,0.2)','2016-09-01 00:00:00','2017-04-01 00:00:00',0,0,0,0,0,'2020-05-17 17:44:48','2020-05-18 13:19:16'),(4,'lookaya','Lookaya','Lorem ipsum dolor sit amet, consectetur adipiscing elit, sed do eiusmod tempor incididunt ut labore et dolore magna aliqua. Ut enim ad minim veniam, quis nostrud exercitation ullamco laboris nisi ut aliquip ex ea commodo consequat. Duis aute irure dolor in reprehenderit in voluptate velit esse cillum dolore eu fugiat nulla pariatur. Excepteur sint occaecat cupidatat non proident, sunt in culpa qui officia deserunt mollit anim id est laborum.',NULL,NULL,NULL,'Neuilly-sur-Seine',NULL,'#146ccb','rgba(20,108,203,0.2)','2015-09-01 00:00:00','2016-09-01 00:00:00',1,0,0,0,0,'2020-05-17 17:44:48','2020-05-18 09:18:56'),(5,'bdbuzz','bdBuzz','Lorem ipsum dolor sit amet, consectetur adipiscing elit, sed do eiusmod tempor incididunt ut labore et dolore magna aliqua. Ut enim ad minim veniam, quis nostrud exercitation ullamco laboris nisi ut aliquip ex ea commodo consequat. Duis aute irure dolor in reprehenderit in voluptate velit esse cillum dolore eu fugiat nulla pariatur. Excepteur sint occaecat cupidatat non proident, sunt in culpa qui officia deserunt mollit anim id est laborum.',NULL,NULL,NULL,'Neuilly-sur-Seine','company_logos/29bf6c5f44da682134a4f8f09e6426c1.png','#e1b12c','rgba(225,177,44,0.2)','2014-04-01 00:00:00','2016-06-01 00:00:00',0,0,0,0,0,'2020-05-17 17:44:48','2020-05-18 13:20:08'),(6,'bpi-france','BPI France',NULL,NULL,NULL,NULL,NULL,'company_logos/128f7888db0e0109adf59e1b18cea018.svg',NULL,NULL,NULL,NULL,0,0,0,0,0,'2020-05-18 13:27:18','2020-05-18 13:27:18');
/*!40000 ALTER TABLE `projects` ENABLE KEYS */;
UNLOCK TABLES;

--
-- Table structure for table `services`
--

DROP TABLE IF EXISTS `services`;
/*!40101 SET @saved_cs_client     = @@character_set_client */;
/*!40101 SET character_set_client = utf8 */;
CREATE TABLE `services` (
  `id` bigint(20) unsigned NOT NULL AUTO_INCREMENT,
  `name_fr` varchar(255) COLLATE utf8mb4_unicode_ci DEFAULT NULL,
  `name_pt` varchar(255) COLLATE utf8mb4_unicode_ci DEFAULT NULL,
  `name_en` varchar(255) COLLATE utf8mb4_unicode_ci DEFAULT NULL,
  `name_es` varchar(255) COLLATE utf8mb4_unicode_ci DEFAULT NULL,
  `color` varchar(255) COLLATE utf8mb4_unicode_ci DEFAULT NULL,
  `icon` varchar(255) COLLATE utf8mb4_unicode_ci DEFAULT NULL,
  `parent_id` int(11) DEFAULT '0',
  `lft` int(11) NOT NULL DEFAULT '0',
  `rgt` int(11) NOT NULL DEFAULT '0',
  `depth` int(11) NOT NULL DEFAULT '0',
  `created_at` timestamp NULL DEFAULT NULL,
  `updated_at` timestamp NULL DEFAULT NULL,
  PRIMARY KEY (`id`)
) ENGINE=InnoDB AUTO_INCREMENT=27 DEFAULT CHARSET=utf8mb4 COLLATE=utf8mb4_unicode_ci;
/*!40101 SET character_set_client = @saved_cs_client */;

--
-- Dumping data for table `services`
--

LOCK TABLES `services` WRITE;
/*!40000 ALTER TABLE `services` DISABLE KEYS */;
INSERT INTO `services` VALUES (1,'Développement','Desenvolvimento','Development','','first','fab fa-fw fa-dev',0,0,0,0,'2020-05-17 17:44:48','2020-05-17 17:44:48'),(2,'Design','Design','Design','Design','second','fad fa-fw fa-icons',0,0,0,0,'2020-05-17 17:44:48','2020-05-17 17:44:48'),(3,'Data','Data','Data','Data','third','fad fa-fw fa-server',0,0,0,0,'2020-05-17 17:44:48','2020-05-17 17:44:48'),(4,'Marketing','Marketing','Marketing','Marketing','fourth','fad fa-fw fa-rocket-launch',0,0,0,0,'2020-05-17 17:44:48','2020-05-17 17:44:48'),(5,'Développement de votre site','Desenvolvimento Web','Website development','',NULL,'fad fa-fw fa-browser',1,0,0,0,'2020-05-17 17:44:48','2020-05-17 17:44:48'),(6,'Développement mobile iOS/Androïd','Desenvolvimento mobile iOS/Androïd','Mobile development iOS/Androïd','',NULL,'fad fa-fw fa-mobile-alt',1,0,0,0,'2020-05-17 17:44:48','2020-05-17 17:44:48'),(7,'Développement d\'API','Desenvolvimento de API\'s','API development','',NULL,'fad fa-fw fa-exchange',1,0,0,0,'2020-05-17 17:44:48','2020-05-17 17:44:48'),(8,'Système de paiement (Stripe, Paypal)','Integração de sistemas de pagamento (Stripe, Paypal)','Payment system integration (Stripe, Paypal)','',NULL,'fad fa-fw fa-coin',1,0,0,0,'2020-05-17 17:44:48','2020-05-17 17:44:48'),(9,'Recherche rapide (Algolia, Elasticsearch)','Pesquisa rápida (Algolia, Elasticsearch)','Rapid search (Algolia, Elasticsearch)','',NULL,'fad fa-fw fa-search',1,0,0,0,'2020-05-17 17:44:48','2020-05-17 17:44:48'),(10,'Cartographie (Google Maps, Mapbox)','Mapping (Google Maps, Mapbox)','Mapping (Google Maps, Mapbox)','',NULL,'fad fa-fw fa-map-marked-alt',1,0,0,0,'2020-05-17 17:44:48','2020-05-17 17:44:48'),(11,'Gestion de serveur','Gestão de servidores','Server management','',NULL,'fad fa-fw fa-wrench',1,0,0,0,'2020-05-17 17:44:48','2020-05-17 17:44:48'),(12,'Automatisation des tâches','Automação de tarefas','Tasks automation','',NULL,'fad fa-fw fa-robot',1,0,0,0,'2020-05-17 17:44:48','2020-05-17 17:44:48'),(13,'UX/UI Design','UX/UI Design','UX/UI Design','',NULL,'fad fa-fw fa-drafting-compass',2,0,0,0,'2020-05-17 17:44:48','2020-05-17 17:44:48'),(14,'Branding','Branding','Branding','',NULL,'fad fa-fw fa-copyright',2,0,0,0,'2020-05-17 17:44:48','2020-05-17 17:44:48'),(15,'Intégration front-end','Integração front-end','Front-end integration','',NULL,'fad fa-fw fa-paint-roller',2,0,0,0,'2020-05-17 17:44:48','2020-05-17 17:44:48'),(16,'Logo design','Design de logo','Logo design','Logo',NULL,'fad fa-fw fa-paint-brush-alt',2,0,0,0,'2020-05-17 17:44:48','2020-05-17 17:44:48'),(17,'Prototype','Protótipo','Prototype','Logo',NULL,'fad fa-fw fa-border-style-alt',2,0,0,0,'2020-05-17 17:44:48','2020-05-17 17:44:48'),(18,'Tracking','Acompanhe seu público','Track your audience','',NULL,'fad fa-fw fa-chart-network',3,0,0,0,'2020-05-17 17:44:48','2020-05-17 17:44:48'),(19,'Gestion/optimisation de base de données','Gestão/otimização de base de dados','Database management & optimization','',NULL,'fad fa-fw fa-database',3,0,0,0,'2020-05-17 17:44:48','2020-05-17 17:44:48'),(20,'Data Analyse','Data analysis','Data analysis','',NULL,'fad fa-fw fa-analytics',3,0,0,0,'2020-05-17 17:44:48','2020-05-17 17:44:48'),(21,'Stratégie Data (Marketing data-driven & CRM)','Data strategy (Marketing data-driven & CRM)','Data strategy (Data-driven Marketing & CRM)','',NULL,'fad fa-fw fa-wrench',3,0,0,0,'2020-05-17 17:44:48','2020-05-17 17:44:48'),(22,'Déploiement de cas d’usages','Implantação de casos de uso','Deployment of use cases','',NULL,'fad fa-fw fa-layer-group',3,0,0,0,'2020-05-17 17:44:48','2020-05-17 17:44:48'),(23,'Communication','Comunicação','Communication','',NULL,'fad fa-fw fa-bullhorn',4,0,0,0,'2020-05-17 17:44:48','2020-05-17 17:44:48'),(24,'Marketing digital & réseaux sociaux','Marketing Digital & social media ','Digital & social media marketing','',NULL,'fad fa-fw fa-comments',4,0,0,0,'2020-05-17 17:44:48','2020-05-17 17:44:48'),(25,'Accompagnement SEO','Suporte SEO','SEO support','',NULL,'fad fa-fw fa-eye',4,0,0,0,'2020-05-17 17:44:48','2020-05-17 17:44:48'),(26,'A/B testing','Teste A/B','A/B testing','',NULL,'fad fa-fw fa-vials',4,0,0,0,'2020-05-17 17:44:48','2020-05-17 17:44:48');
/*!40000 ALTER TABLE `services` ENABLE KEYS */;
UNLOCK TABLES;

--
-- Table structure for table `skills`
--

DROP TABLE IF EXISTS `skills`;
/*!40101 SET @saved_cs_client     = @@character_set_client */;
/*!40101 SET character_set_client = utf8 */;
CREATE TABLE `skills` (
  `id` bigint(20) unsigned NOT NULL AUTO_INCREMENT,
  `slug` varchar(255) COLLATE utf8mb4_unicode_ci NOT NULL,
  `name` varchar(255) COLLATE utf8mb4_unicode_ci NOT NULL,
  `color` varchar(255) COLLATE utf8mb4_unicode_ci DEFAULT NULL,
  `color_light` varchar(255) COLLATE utf8mb4_unicode_ci DEFAULT NULL,
  `lft` int(11) NOT NULL DEFAULT '0',
  `rgt` int(11) NOT NULL DEFAULT '0',
  `depth` int(11) NOT NULL DEFAULT '0',
  `parent_id` bigint(20) unsigned DEFAULT NULL,
  `created_at` timestamp NULL DEFAULT NULL,
  `updated_at` timestamp NULL DEFAULT NULL,
  PRIMARY KEY (`id`),
  UNIQUE KEY `skills_slug_unique` (`slug`),
  KEY `skills_parent_id_foreign` (`parent_id`),
  CONSTRAINT `skills_parent_id_foreign` FOREIGN KEY (`parent_id`) REFERENCES `skills` (`id`)
) ENGINE=InnoDB AUTO_INCREMENT=30 DEFAULT CHARSET=utf8mb4 COLLATE=utf8mb4_unicode_ci;
/*!40101 SET character_set_client = @saved_cs_client */;

--
-- Dumping data for table `skills`
--

LOCK TABLES `skills` WRITE;
/*!40000 ALTER TABLE `skills` DISABLE KEYS */;
INSERT INTO `skills` VALUES (1,'html','HTML','#c23616','rgba(194,54,22,0.2)',0,0,0,NULL,'2020-05-17 17:44:48','2020-05-17 17:44:48'),(2,'blade','Blade','',NULL,0,0,0,1,'2020-05-17 17:44:48','2020-05-17 17:44:48'),(3,'css','CSS','#6D214F','rgba(109,33,79,0.2)',0,0,0,NULL,'2020-05-17 17:44:48','2020-05-17 17:44:48'),(4,'sass','SASS','',NULL,0,0,0,3,'2020-05-17 17:44:48','2020-05-17 17:44:48'),(5,'responsive','Responsive','',NULL,0,0,0,3,'2020-05-17 17:44:48','2020-05-17 17:44:48'),(6,'mobile-first','Mobile first','',NULL,0,0,0,3,'2020-05-17 17:44:48','2020-05-17 17:44:48'),(7,'bem','BEM Notation','',NULL,0,0,0,3,'2020-05-17 17:44:48','2020-05-17 17:44:48'),(8,'php','PHP','#4F5D95','rgba(79,93,149,0.2)',0,0,0,NULL,'2020-05-17 17:44:48','2020-05-17 17:44:48'),(9,'laravel','Laravel','',NULL,0,0,0,8,'2020-05-17 17:44:48','2020-05-17 17:44:48'),(10,'symfony','Symfony','',NULL,0,0,0,8,'2020-05-17 17:44:48','2020-05-17 17:44:48'),(11,'yii','Yii','',NULL,0,0,0,8,'2020-05-17 17:44:48','2020-05-17 17:44:48'),(12,'zend','Zend','',NULL,0,0,0,8,'2020-05-17 17:44:48','2020-05-17 17:44:48'),(13,'sql','SQL','#718093','rgba(113,128,147,0.2)',0,0,0,NULL,'2020-05-17 17:44:48','2020-05-17 17:44:48'),(14,'mysql','MySQL','',NULL,0,0,0,13,'2020-05-17 17:44:48','2020-05-17 17:44:48'),(15,'data-optimization','Data optimization','',NULL,0,0,0,13,'2020-05-17 17:44:48','2020-05-17 17:44:48'),(16,'data-analysis','Data analysis','',NULL,0,0,0,13,'2020-05-17 17:44:48','2020-05-17 17:44:48'),(17,'js','JavaScript','#d1a11e','rgba(225,177,44,0.2)',0,0,0,NULL,'2020-05-17 17:44:48','2020-05-17 17:44:48'),(18,'react','React.js','',NULL,0,0,0,17,'2020-05-17 17:44:48','2020-05-17 17:44:48'),(19,'redux','Redux','',NULL,0,0,0,17,'2020-05-17 17:44:48','2020-05-17 17:44:48'),(20,'react-native','React Native','',NULL,0,0,0,17,'2020-05-17 17:44:48','2020-05-17 17:44:48'),(21,'vue','Vue.js','',NULL,0,0,0,17,'2020-05-17 17:44:48','2020-05-17 17:44:48'),(22,'jquery','jQuery','',NULL,0,0,0,17,'2020-05-17 17:44:48','2020-05-17 17:44:48'),(23,'design','Design','#B33771','rgba(179,55,113,0.2)',0,0,0,NULL,'2020-05-17 17:44:48','2020-05-17 17:44:48'),(24,'ui-ux','UI/UX','',NULL,0,0,0,23,'2020-05-17 17:44:48','2020-05-17 17:44:48'),(25,'seo','SEO','#3498db','rgba(52,152,219,0.2)',0,0,0,NULL,'2020-05-17 17:44:48','2020-05-17 17:44:48'),(26,'linux','Linux','#20C20E','rgba(32,194,14,0.2)',0,0,0,NULL,'2020-05-17 17:44:48','2020-05-17 17:44:48'),(27,'git','GIT','',NULL,0,0,0,26,'2020-05-17 17:44:48','2020-05-17 17:44:48'),(28,'homestead','Homestead','',NULL,0,0,0,26,'2020-05-17 17:44:48','2020-05-17 17:44:48'),(29,'deployment','Deployment','',NULL,0,0,0,26,'2020-05-17 17:44:48','2020-05-17 17:44:48');
/*!40000 ALTER TABLE `skills` ENABLE KEYS */;
UNLOCK TABLES;

--
-- Table structure for table `user_country`
--

DROP TABLE IF EXISTS `user_country`;
/*!40101 SET @saved_cs_client     = @@character_set_client */;
/*!40101 SET character_set_client = utf8 */;
CREATE TABLE `user_country` (
  `id` bigint(20) unsigned NOT NULL AUTO_INCREMENT,
  `country_id` bigint(20) unsigned NOT NULL,
  `user_id` bigint(20) unsigned NOT NULL,
  PRIMARY KEY (`id`),
  KEY `user_country_country_id_foreign` (`country_id`),
  KEY `user_country_user_id_foreign` (`user_id`),
  CONSTRAINT `user_country_country_id_foreign` FOREIGN KEY (`country_id`) REFERENCES `countries` (`id`) ON DELETE CASCADE,
  CONSTRAINT `user_country_user_id_foreign` FOREIGN KEY (`user_id`) REFERENCES `users` (`id`) ON DELETE CASCADE
) ENGINE=InnoDB AUTO_INCREMENT=21 DEFAULT CHARSET=utf8mb4 COLLATE=utf8mb4_unicode_ci;
/*!40101 SET character_set_client = @saved_cs_client */;

--
-- Dumping data for table `user_country`
--

LOCK TABLES `user_country` WRITE;
/*!40000 ALTER TABLE `user_country` DISABLE KEYS */;
INSERT INTO `user_country` VALUES (1,1,1),(2,14,1),(3,1,2),(4,2,2),(5,5,2),(6,14,2),(7,1,3),(8,3,3),(9,14,3),(10,1,4),(11,2,4),(12,14,4),(13,3,5),(14,14,5),(15,1,6),(16,14,6),(17,3,7),(18,14,7),(19,3,8),(20,14,8);
/*!40000 ALTER TABLE `user_country` ENABLE KEYS */;
UNLOCK TABLES;

--
-- Table structure for table `user_interest`
--

DROP TABLE IF EXISTS `user_interest`;
/*!40101 SET @saved_cs_client     = @@character_set_client */;
/*!40101 SET character_set_client = utf8 */;
CREATE TABLE `user_interest` (
  `id` bigint(20) unsigned NOT NULL AUTO_INCREMENT,
  `user_id` bigint(20) unsigned NOT NULL,
  `interest_id` bigint(20) unsigned NOT NULL,
  `created_at` timestamp NULL DEFAULT NULL,
  `updated_at` timestamp NULL DEFAULT NULL,
  PRIMARY KEY (`id`),
  KEY `user_interest_user_id_foreign` (`user_id`),
  KEY `user_interest_interest_id_foreign` (`interest_id`),
  CONSTRAINT `user_interest_interest_id_foreign` FOREIGN KEY (`interest_id`) REFERENCES `interests` (`id`) ON DELETE CASCADE,
  CONSTRAINT `user_interest_user_id_foreign` FOREIGN KEY (`user_id`) REFERENCES `users` (`id`) ON DELETE CASCADE
) ENGINE=InnoDB DEFAULT CHARSET=utf8mb4 COLLATE=utf8mb4_unicode_ci;
/*!40101 SET character_set_client = @saved_cs_client */;

--
-- Dumping data for table `user_interest`
--

LOCK TABLES `user_interest` WRITE;
/*!40000 ALTER TABLE `user_interest` DISABLE KEYS */;
/*!40000 ALTER TABLE `user_interest` ENABLE KEYS */;
UNLOCK TABLES;

--
-- Table structure for table `user_skill`
--

DROP TABLE IF EXISTS `user_skill`;
/*!40101 SET @saved_cs_client     = @@character_set_client */;
/*!40101 SET character_set_client = utf8 */;
CREATE TABLE `user_skill` (
  `id` bigint(20) unsigned NOT NULL AUTO_INCREMENT,
  `user_id` bigint(20) unsigned NOT NULL,
  `skill_id` bigint(20) unsigned NOT NULL,
  `created_at` timestamp NULL DEFAULT NULL,
  `updated_at` timestamp NULL DEFAULT NULL,
  PRIMARY KEY (`id`),
  KEY `user_skill_user_id_foreign` (`user_id`),
  KEY `user_skill_skill_id_foreign` (`skill_id`),
  CONSTRAINT `user_skill_skill_id_foreign` FOREIGN KEY (`skill_id`) REFERENCES `skills` (`id`) ON DELETE CASCADE,
  CONSTRAINT `user_skill_user_id_foreign` FOREIGN KEY (`user_id`) REFERENCES `users` (`id`) ON DELETE CASCADE
) ENGINE=InnoDB DEFAULT CHARSET=utf8mb4 COLLATE=utf8mb4_unicode_ci;
/*!40101 SET character_set_client = @saved_cs_client */;

--
-- Dumping data for table `user_skill`
--

LOCK TABLES `user_skill` WRITE;
/*!40000 ALTER TABLE `user_skill` DISABLE KEYS */;
/*!40000 ALTER TABLE `user_skill` ENABLE KEYS */;
UNLOCK TABLES;

--
-- Table structure for table `users`
--

DROP TABLE IF EXISTS `users`;
/*!40101 SET @saved_cs_client     = @@character_set_client */;
/*!40101 SET character_set_client = utf8 */;
CREATE TABLE `users` (
  `id` bigint(20) unsigned NOT NULL AUTO_INCREMENT,
  `firstname` varchar(255) COLLATE utf8mb4_unicode_ci NOT NULL,
  `lastname` varchar(255) COLLATE utf8mb4_unicode_ci DEFAULT NULL,
  `nickname` varchar(255) COLLATE utf8mb4_unicode_ci DEFAULT NULL,
  `role` varchar(255) COLLATE utf8mb4_unicode_ci DEFAULT NULL,
  `email` varchar(255) COLLATE utf8mb4_unicode_ci NOT NULL,
  `password` varchar(255) COLLATE utf8mb4_unicode_ci NOT NULL,
  `picture` longtext COLLATE utf8mb4_unicode_ci,
  `admin` tinyint(1) NOT NULL DEFAULT '0',
  `disabled` tinyint(1) NOT NULL DEFAULT '0',
  `github_url` varchar(255) COLLATE utf8mb4_unicode_ci DEFAULT NULL,
  `website_url` varchar(255) COLLATE utf8mb4_unicode_ci DEFAULT NULL,
  `parent_id` int(11) DEFAULT '0',
  `lft` int(11) NOT NULL DEFAULT '0',
  `rgt` int(11) NOT NULL DEFAULT '0',
  `depth` int(11) NOT NULL DEFAULT '0',
  `country_id` bigint(20) unsigned NOT NULL,
  `city_id` bigint(20) unsigned NOT NULL,
  `remember_token` varchar(100) COLLATE utf8mb4_unicode_ci DEFAULT NULL,
  `created_at` timestamp NULL DEFAULT NULL,
  `updated_at` timestamp NULL DEFAULT NULL,
  PRIMARY KEY (`id`),
  UNIQUE KEY `users_email_unique` (`email`),
  KEY `users_country_id_foreign` (`country_id`),
  KEY `users_city_id_foreign` (`city_id`),
  CONSTRAINT `users_city_id_foreign` FOREIGN KEY (`city_id`) REFERENCES `cities` (`id`) ON DELETE CASCADE,
  CONSTRAINT `users_country_id_foreign` FOREIGN KEY (`country_id`) REFERENCES `countries` (`id`) ON DELETE CASCADE
) ENGINE=InnoDB AUTO_INCREMENT=9 DEFAULT CHARSET=utf8mb4 COLLATE=utf8mb4_unicode_ci;
/*!40101 SET character_set_client = @saved_cs_client */;

--
-- Dumping data for table `users`
--

LOCK TABLES `users` WRITE;
/*!40000 ALTER TABLE `users` DISABLE KEYS */;
INSERT INTO `users` VALUES (1,'Matthieu','Kassian','lemattou','Lead developer','kassian.matthieu@gmail.com','$2y$10$F.cMD1mRswNyKxkY1wUrVuuRU1KHNVYQtjpH9NKjI8hVZOVzm/SjW',NULL,1,0,'https://github.com/lemattou',NULL,0,0,0,0,1,1,NULL,'2020-05-17 17:44:47','2020-05-17 17:44:47'),(2,'Christophe','Do Outeiro','cdo','Project lead & fullstack developer','cdo_outeiro@me.com','$2y$10$ptPkTyIzDshfdgN4MmDkuu2wPxvcR549C05e3nKS236Gu7oAwAEle','data:image/jpeg;base64,/9j/4AAQSkZJRgABAQAAAQABAAD/2wBDAAMCAgICAgMCAgIDAwMDBAYEBAQEBAgGBgUGCQgKCgkICQkKDA8MCgsOCwkJDRENDg8QEBEQCgwSExIQEw8QEBD/2wBDAQMDAwQDBAgEBAgQCwkLEBAQEBAQEBAQEBAQEBAQEBAQEBAQEBAQEBAQEBAQEBAQEBAQEBAQEBAQEBAQEBAQEBD/wAARCADIAMgDASIAAhEBAxEB/8QAHQAAAQQDAQEAAAAAAAAAAAAAAAECBgcDBAUICf/EAD0QAAEDAwIEBAMFBgYCAwAAAAEAAgMEBREGIQcSMUETIlFhMnGBCBRCkaEjM1JiwdEVFiRygrFD8FPh8f/EABoBAQACAwEAAAAAAAAAAAAAAAABAgMEBgX/xAAnEQACAgICAgICAgMBAAAAAAAAAQIDBBESMQUhE0EUIjJRFWFxof/aAAwDAQACEQMRAD8AngGyVrUoGSntbt7LXLg1uAnBqUDypwGUJQgCdyhKBhOAwhEhob/MsgGeyQAZSl2EJTESgd0mcIMgCEDkobkcyZz5WVvKWh3NhADW4B5kJ3NuWnqgkIBpGUAbJ/XzIQGLlKXlCfyhBGSgMZajBTy1JjCAZ1Scv0WTk90uPwlBIwoLcrK5uPkmkbeVAYsZyhZC3CEHI0sYWQADCaG4ynN6KdAVL0HxIB3QDhRIDxyozg+yTy/NML25+LCAe5+Cmc+52WN8m+PKsZkx+JHsGfxO2EnNy/F0Ue1LrbTOkaV1bqG9U1FEzH7x+5z0AHUqltc/a+0tbbfGNGUb7nWS84JqGGOOHHQnu/PoMfNEtk+z0X4jAObIwo/qXX+ktJQma+6hoqXbZr5hk/TqvBer+N/ETWzpPv8AqeoFM/Y0dKfAix7gdfqoWZHVXLMJOV56PJ6q3AaPdlT9qfhdR1bKeW6VNS0xeKZaenLmj+XfBz7YUi0zx+4Y6qiL7bfg0sOHtnaYi33IPQe/RfO0VMrZjC/Y9Qe2VkErmOMrHkNI3aOqngTxPp3PrnRVJytqtW2aHO48Svib/wBldmGaGoiZUU8jJYpAHsew5a4eoPdfKtxIf8ZOdwc/kV6c+yTxrp7TIeGWqq8inqZQbVM87RSH4oSewJwR759U4Dieu0o22TuXPRqOXGSq6KjcboLAU7lyPKlAwoAwDJSluCnBuPwpSMoDER1akwFkLf5U1ylAx4yhPQoBzgcp38qaC0JefKcgOSg4ymZKXm9lP/QKTn8WFhMmN05zgAtSaXlzyqwB8+FXPFbjHauGdLSieB9VVVnPyRskA8MAbuP57DupjcLjDRRSVEzw1rGFx37ALxrxunp7xqSqvvi+Wsd+yDiQQAAN/bZR2XS2V7rvWdfqnU9be7jN4hqZMta482Gdh9Ao9zyzAGJwcP4cYT6t0IkPL5j6YXVsOl7xfZG/caaVvp5FM5xgtsyQrnY9RRx4IHGQyNZvg5wkkMkWGgdH5wrQoeD2qWwmV9GWk74A65//ABa9x4ZaioYjLUWeXEgyCwZHzWOORU+mZ/wrkt6K1lLpwHYPMzr8lkjBcR5SOnVTKm4f3ms5mUlpqS4noYyPRd61cI9W18zRDZTE1hOHPZkbdyjvrXbKxxbZvoryCmlMcYc3m2IPuFnp6GpbKORpEsfmbjqrePAHUhov9XN90mj+AhmQ5V3qCw6o0XWNbd6bMZwWTtZlpwemfVVhkV2PSZezCsqXKSPdnATX02v+H9HU3GfxLnQf6SsceshAHLJ/yYR9cqyc5Xj37H2tns1fW6cIPg3OmMm3Z8ZyP0c8L2Fkc3KsxoyWmKBlHLnqlAwlwVQgQDCCO6VJ2+iegNTTzBZCNk0t25igMfKUJw6FCA5KEIQCg4S5CaOUHmwnE7BWQkYpTgLnVUhAW9McAnmXJrHHlKkEY1S9k9K+nmx4Tw/xM9MYPVeOuLurIdUaidTW2MNp6YmISgnLvVesdY1DY7dVve3maIZHkeoAK8Q0IqKx3jSbumkOD9VX72ZYL6JFoDhnWauqjIxvLSxODOdw2J7/AJL1Vo/h5ZrPRwxw0zC5gwXY3K53Diw0Fk0zR09OwBxjBkd/E87lWXbGMawHmwuazcqd02vpHaeOwo01qX2zPR2ymiYA6Fhx2xstv/C6SqjDH00ZHoWBbFO1rty76Lp0tOHAOb39Fo8pfR60Yw17OTFYaCEeSjgaRtkMCyigp4wS2Njf9q7bKPmJ82y1pqd8DuZuCPRTyn9kKEPo4dRRslYWlgDfkodrDQ1n1BbpqOto45GSjB23Cn1U2UDm3aOuy0JW+K1ze6tXY4y2jDdSprT6PF1pmvnAjiZFVUzGOZFKWZljy2WnefYg9vzXvyy3KnvFspbpS1Ec0NTCyWN7PhIIztuV5c+0dpVlfZ4brHD+2pJPjA35D2/NTf7IerKu86LqtPVtS+V9kmEcQcPhifktGfQEFdTi2/NUpM4byGMqLWl0X4BlL22QgnC2TQG4z8kEbpwOUIBp2SOGQnFuUoCqwYiMD2QnHcoTQONjA9EiUDKXG2FYchoGShOHKkcAgNedciu2aQuvOdiuPXjyoCBaqYyanlhc8YkYWn5LyLTW19HePuMo5H0kpjI+RXrvUzctd5t/deadUQOg1tUsa0AyyMIPuQFin0zao7R6I0cwy2Sll/kH/SmdDzTY82B8lAbNWRWXTcVRXyiFkcYeSVAr9xm1TXzOoNHUD3uecANiJcAO+y5qONK+x8ejs3lRxq1y7PUlvhje08rskd12aWkmaw8jgV45o9Y/aBoZW1L469wAx4T4Rj88K9uDvEXVF8a6l1bRmCdnQubgn3WWzC+JbbRFXkPlfHi0WsKaZwHK7dYnW7vM8ho75wulHWxPaCOuOiiHEWtuM1jmprLO6KpeCGOb1BWCFak9M2ZXSgto6NbVW2li5XzAEfxOUbkultrZHNo6+B7htytkBOV5vruE/Eq7VTjcNSQs8R5PPNUnIHv/AGXTtfArU9okE9HrKmq5xuMx5APzyt38Ojj/AC9nnSzb9/w9Fm8RbR/jGnZmc2NiTkbKK/ZJjdSX7VFC3ZnhQPLPfLhldbRtx1PBWVWlNYROke+Mvp6gDLZB3Gf7pv2fbd/hvEnVVNykeFFyY9P2n9lvYC+PcDyfK6tirUehh09EAFKBlO6BeieCNwUic5J290AiEb+yEAjkJUIDhgtRn8kiUdfVAKA3qkd1SeYeXmSu6IDWn+Jci4DDPVdiUbHuuTXjylTsEE1Azma5efdb25zNd2uoc7EVRLG0+2Hgf1Xom+MaSWOPKN8lVjrnRtTUR014p3Rzx0czKkSRnILARlaeRdGt6b7PTwsW65fJFekSO92aovlwttu8PmomEzTNzscYAH6lJVX+i03Ww2DS9ogNdO7ljayMF0j++B6Du4nCmlFSx+AZm4a8x4BXMp9A2xtyN4aJG1f/AMw+LHz7LxIXKPqXR1Do5ptdkG0pxD1Xre7x2E28CeSoNPGw1sbHggOP7vGSPKfb1wpXbrtcrHd44qlxeBKI5ons5ZYye/y910afRtttdxlu1FQRtrpyTJUCMNkJPXcevdZf8vNhmFTUxAHOQA0Zd7kq99tUl+i0WxqLk3zeyyrJfxUQh3J5QOvdcfWFdM+Hlo8Nzl73nsFn060fczzbABOqKOOpcNy056g7rSg2ns3rKl9FDa8OobfSUF4obmwx1FX4U74YvvE8I2IJaD0OTt7dsrdsrtUUWnbXfJri+5PlkkjNK6HwKgRB2Gyt+YxlrvzVtyaWY2TxH+Yddtl0Ke00cbGhtJHjqt78iChxUTQeLN28uT0cmkoobrDS3QQubPGQSHDDsEb5WXh7ZYLdrnVdw5A01DKPDj7tdn9Whd7w/uwDmtw3HphcOWOGS6V83JzOZTwHHbrIMkd1OLkfG3JmvmYX5Gqt62WS0ZASkYWrao3sttKHvLneEzLvXZbTs7d10MXyhs46yHxzcP6Gu33QBslQhQRxwEhGAnIQCBv8SEqEbBH/APckz/N+iCcJo3QsP+TkhGUA48qXI/8AShGjXl2y1cqvGWFdWYZHMudWty08qBEGvkrYntJ+EOGfkuRV0cNNp+4sa/lDGvb8zhdfUkGWO8uVG2y110tjqKmjEtTTSc5YTgvZ2/6XkeSq5al/R0vg8lR5Uv7JXp2VtbFCQfK+MP8A0UuipGzNAacfJVlw2uzK6kYz4XQfsiD1GNla9pLfxt3C8iS0zoMae0PhtTIm5fsfVcC7xvqawx0zObw/jceyk91uVJRUzvElEYAy9zj0VN6w4n0tklqI6CsHPUtwdxlp6ZBSFbslpGWdsa17ZdenKOhNOGeKzbYplfRuZVF1tkYTnzNd0VFcMtfwRNq4f8dqpeX9q9lTIZS31LSd8eydJxLs9DqKK501zuIlrHhgkfUvMLuvl8InkHzC2/w/Xo1I5m37L8pHNqYh4zA1wyCM91suoA0B7GD6qA6a4kWS7UvP97Eb9+cOO4PqpZadRxVMhpPFDnY52b7OHqFrcHD+RtQsjNemLcA5kfJy4BUYts1PNfrnTTS7y00ETQOxHif3CkV2qRIw8vZQrh79z1BebzeGYM9LcBRNBOAGM2J/UrNTBzWkad1ijYpf1stiiiMVLFC5+fDjAz67LYQNhhG3ddNFajo4OybnNyf2N5Sjl905ClFRvL7o5fdOQpAIQfZCroEZOyOgR5T7oQsA3QR2QhAY3jb2WlUN2W67otaYZClAiN6p2va/09VA4a2LT99bWVGfAeCyTAzgeuFZl0gy07bKudT0QfzO7rDbWrE4szUWuqakvohOgtQsoOIN0tjKnxKWrlf4R7evRegbRcXhvK8nOPzXj+7Vc1h1vHUsy0CUEEbbHGV6M0xq6jr2A+MMeH9SvEzcdwacTqfHZisTUvRXPG7inVSXWfTdsmPMw8hA653/ALKKWHhlqG9sprpd6mOnjlkyRLJyuDOmcdVL2aFpLhxNuVZUc0sFQBIJMYLS/PQqSaXs2puHF5rahxZfKerjMcLa7fws4/F9OmFmrlCuCUey6x7cmxuXv/Rx6ThFBQhoptV08L/DMcgMbyTnrhPoeClM60Q0VXqSOrkp6kzMlbTlwLO4xlXtYeK1wihlbXcPqaUygAvbUDB8mN8tW5cuKV+qqGKmtukrdb2xRlplkk8Q7jGwACycpNdm5/j7m9fF/wCnmi/8OJLG6aqsuraZjB5xHI8xE7dAStjhRqvUNJqel05dZJZXCXnZ5sgD29iM/p6K16jTM2u6+Cv1Y5k9JTY5KcN5YnEdMt7rjXmz23SetIb6YmNhET4oOUfC8jpj02P5rFZYpJx7NezH/HkpbJ7f68UlFUTvk5GsaTk9lEPszvFdbrzVmUvzWGUA9icnP1Vf664ntmtlUyGoDvHL4+QHocbKe/ZTt1VDpWvr5oi2OsqQI8/iDBjI+uVs4ONwX7I8fymXtagy90oDuyAMHCP+S9Q58QDKXlKVCAadkuHFKghANQhCAjKE0dU5VLAR0Qj2QgGEbELXkGQc9QtlxyFglHXClEfZyLgMsPdQe/wBzX+XZTutHkwoffR5HeigsnpnnPi9bnwSU92iZkQEsf8A0K5+kdfTQhlK155hncnbHorG1laWXWhqaV7ciQH8+y88XGmr7Fcvu8+Y3tOceoWF1q1aZtU2up7R6X0nrSkqroyaaYhkAOc9D6ZPqp/ctU00VGKjDJQ/ctO68fWy/TQvE5kywn4M9SrHtOuJ6q3VFNO4OPbJ7+i827DcHtHuY+ftaLTq+MdnsYPhUcrsfgEm3uVipOO9vrZHQ/4Q8vHQOkyP0VJVMdXcYpDyeY4A/MrWoGVlnlZLIzGQGF2e/ZbHxLgZn5HK3xcvR6jtnFSikpHzVWGgHADduUYVR8Q9exXWofMyoflp5o3tfjoQCMe6i1yv0scMszZfDEhAeBsM+v6KvK24Gpnd+1PK0nLfbbdRj4u3yZp5OY0uKZ0LleH1lwjhY3n8Q4PL1J7L6CcLLH/l/Qtotzm8rmUrHuBGCCRk/wDa8k/Zd4YQaz1XNqC7xB9DagJI2kbSSnoD8sE/kvb0LQxrQOgGF6elE8G2bm/ZnHRI5KOiaTkoYhf0SoQgBBGUIQCOQl2KEBFUoO/qm8wQHbjlWPosKS4FG5SF34ebdMMmO+6sDISFrTScoxzJs1W0Z8y5lVWcw+JANrp2AHcKH3mbmDndl162ryT6eqjV0qMkgeYnsBlQ2SkRmrt9Vc66G3UMZknqJBHGwdyTj+q5PGbgtDU87LEfGrrcBCT2lIZlx9t8r0VwN4X1guh1XfqF0RYzFJHIzffrIR222H1Ua1bp65aW17erLc8virKh9dQyu6SRSEnA/wBpy36LTzJSqSnE9PxyruslCX2jwPVW+rtdWaSsp5IJYnDLHgghZaa4VNHJyuecZAAPbJ/+1661XwyseqWE3CgDpiMB/wCIfIqk7x9njUNLJKLfWMqIiTyF4wR6Z91NWZVav3MluBbS/wBPZDRq/wC680MnxMcTt/RYa3W01WHBrC4EAMHbIGxXbl4J69qnFrLUx7h2EgBK7du+zDxFfySmOjjD2c58SY4G/fAWdTq1vZicL96SIBLd6mrik5hhpIcR9D1/Ndrh3w6v2uLhHS0tHO6lMgFTUYwIwc9/krm0J9l+GjlZXatrBWZIJgiJEZ36HuR+S9CWXTtr09bm0ltpY6eCMbMjYAFqXZ0K0419m3R4+y18rOjDwg0tZ9HWGXT1qczx6bEszSPM5hHx+/QqwI5AQF56rtfT6T41aekY4mlr5GUNQ3tkuHL+pI+q9GXqxXOzVE0v3OX7nz5jkAyAw9M+n1Wzh2OypNnm+RqVFzS+xqFpxVYI3ctlkocFsmiZOb2QTlNBaeiXp3QC83sjJ9EiEAoOEJEIR+xEC/A9E0zNA64WpJUYG61paxwy1Yi5uyVbR5e61Za3BO/0XPlq8Zy5aNRXgA+ZC2joVFY3By79Vyqu4NaDvlbVjsV+1bUmls1GZAz95K7Ijj+Z/orZ0nwNtdvmhq9RzGvlJz4fJhg+nf67KyTIbUSr9JaA1Pryob9wpzT0QP7SrlB5APb+M/JXTpXhRpjSrHVEVH95niZvUTjMjn+38A+SsZ3gW2gbTUlEyGNgxG0dkklPyUfLI3Ln7uPqVkUTE57NKy0cTKBkzWbyjOFHuJnDuHXunQKZoju1uzLRS9M7bxn2P9lLbK17qV0HL+6cfoOq2xKykcXuOGgZJ9lWcFNcH0yarZVSVke0eSKFryXUdZC+KeJxikYRgtI2wVkrrOwgOcAArh4gaC/zNUv1Dp6mip7gHHxoC/H3hnY+nP8AofpvXAjkLnU1VEY5Y3csjHjBaRsQQubycaWPPX0drhZteXXyXf2iNi0OLxLDhjgehHVdukp53Ma2Y5/2hbYpmtdnkcRlbUYaMNWHmzb4IbTUW45u3QLR1Rc4bbRPJdhwC7EkrKWNz3bEDKrHUDrnq68xWOzxvmqKmTwYmtydz3URi5y4oTmoLb6RpcHeHJ4s8X7fdK+Ey2yxTsq5iejpAcxt/MZ/4+692Sws8STLAWE4wRkKpNC6YHBfT9JbbXDBUV+fFr5Sw/tZDjIHpjGFbkVRFWUUdZFkNmxIAeoB3wuow6fhqUWcP5HJWVe5Loh+ouGNnuhfWWqUUExPwjeJ307KvLrpq/WB5+/Ub3Rj/wAsfmaQr3NPmKRwJG2ce61WxxVMIikxjt7LYcDT3ooKGsa7utls2fxKydQcObNcQ+anzSVPXmiHlPzCg1dovUNpcXPpvHj7PjOcj5KjWi6ezTa7PyT87YWuC+J5ZKx7HDqHDBTw7KgsOJyhY+YfxIQFaS1WDy9lpT1eAXZWrUVTcfF+qmGgOG1Zqyohr7qx8Fr9QcOm+Xt7/ksRfpbIpbqO8agrWUFno5aiWR4Zhjdm/M9lb+n+AtuhibNqmskmf1LGHkb8hjcqzbRpu16ZpWU1loo4YxtlrP8A3JXQgpjLJzzOJOe6yqCMTs2a1otFttVNFQWigZTU0AyGtAH5rqWyB1RO+qlbt8Lc9gnmJrIHO5RmQroUsIp6QN5d8LIjGaHI6sr287cMi6D1We4RtEQby5WS3R88r3u9cJ1eG5UA5NAx4meGdJMZWC6tfUgww7tB53fzY7Lq0tPnn+W/yWWShYAHBuzlKQODQ0x+8CmDmf6geVzh09lAuMenYbXdbfcW+G2WsY+OUNP7wsxh3zwcfQKyK+gl28HLXA80ZHYqsOJmn73ca92qWVElTHHGyOWAjenAHVvqzqT8ytLPhzpels9XxNihkLb0iHiNvhNL90oY0NGG7rHHVxADmPMcdAsM1Xh7cPHuFzZ2iW/Zp6imfFSSFruoUn+zENHsul1rK94dfwQ2BjwcRwbZe04xkvOD9PVQXUlwY2B0TzjA/NW5wP4bVNltUd5utOIqi5yCYMI8wjHwg+nUn6+y9Dx1cp3ckujyfL2RhjtN6bLLvNkbUnxMZzuQtmyMkjphRy9Izlvy9F2Xxte1Mjgib+FdI0cU2ZOVvI5vstFsTRzM7dV0CRg+q1ntwfL1UEo1ZHeXlPVa0kbu22eq3powW+6eKJojBJyShJFLzpu23Zh+8w8kn4ZYhgj6d1A79pS42Ngq34mpXnAlZ2PoR2VxSUrchrRlOulnhqbO+GaIPa9uCD6KNIKeigc5BQtq82yazXCWhmbsDljj3Z2KFja0ZdlU6B01/my+iGfekpgJZvf0b9f6FemLNQRQRxwsYGMAAAAxgAIQq1iZM6OlZVULfKM4/Va0cQBLWt3QhZDEZHQ8xjZ0LiFtzHETmjsEIUoCWmNwiL/UrBUBr5HfNCFYBRfv3N65C2IzyPMb+mdkIQBLTiYGNzW+oKKW1wVYPOzlcRyPHoUIQL10U9xW4Yy6ebLf7TAPupyaiJo/d/zj29R2VQz1DuXd4wBnKELnM+uNdj4na+Fvsvx18j37O/wb0I/iFrAVdazntVnLJqgO6SSfhj/MZPsF6j+7sNT5WeVgwAhC9bx0FGr0eB5uyUsng+jO5uG4TSPKhC3zxxp3WvK4A4QhVER8Y5uv5LNjLQW9AhCFjE7dxd7YXTrWtZRMaWjB2QhCjKs4h2P71RGuhZmamyfmzuP6oQhRNey0ej//2Q==',1,0,'https://github.com/cdo9','https://cdo9.space/',0,0,0,0,1,1,'e53zZjW7LuyBdR2g1Dk9JqBmtWcdIMnmNwHvB5GPo5Wg9R1NVZF5gL9Qku8E','2020-05-17 17:44:47','2020-05-17 17:50:51'),(3,'Breno','Romeiro','bsromeiro','Frontend developer & designer','bsromeiro@gmail.com','$2y$10$SQ/439Ifx3.PPo9B8HCTpuuB294GtBqscarzcRZaopVe9P6V8LmdS',NULL,0,0,'https://github.com/obrenoco','https://bsrom.site/',0,0,0,0,3,2,NULL,'2020-05-17 17:44:47','2020-05-17 17:44:47'),(4,'Elisa','Nogueira','elisanog','Data analyst','elisanog05@gmail.com','$2y$10$MQr5PgzTS2kF0qS.QgBubekm2o39jY3xQLOg8G8lQ/PJbJjGq/jbq','data:image/jpeg;base64,/9j/4AAQSkZJRgABAQAAAQABAAD/2wBDAAMCAgICAgMCAgIDAwMDBAYEBAQEBAgGBgUGCQgKCgkICQkKDA8MCgsOCwkJDRENDg8QEBEQCgwSExIQEw8QEBD/2wBDAQMDAwQDBAgEBAgQCwkLEBAQEBAQEBAQEBAQEBAQEBAQEBAQEBAQEBAQEBAQEBAQEBAQEBAQEBAQEBAQEBAQEBD/wAARCAHqAeoDASIAAhEBAxEB/8QAHQAAAAcBAQEAAAAAAAAAAAAAAAECBAUGBwMICf/EAEkQAAIBAwIDBgQEBAQEAwgBBQECAwAEEQUSBiExBxMiQVFhMkJxgQgUUpEjobHRFTNiwRYkQ3KCouEJFyVTY5Ky8DQ1VJPC0v/EABsBAQADAQEBAQAAAAAAAAAAAAABAgMEBQYH/8QAKREAAgICAgICAgMBAAMBAAAAAAECEQMSBCEFMRMiMkFCUWEjJIGRof/aAAwDAQACEQMRAD8A+hdGGI6UVCqFwUKFCgBQoUKAFJ3GlUigBQoUKAFIpdIoAUKFCgA3LpSaUefWk0AKLaKOhQHNlA6UW40o8xz60W0UATMQciiPPrQPPrQoAnY0VA8+tBuXSgEuxpG40t1964lmPwAfegF7TREg9aSFbzkFI2v+paAMMQ6486Kkv3iumQKCuG/0/WgFUncaPIovD60Al2NDcaI8+tCgD3GioUKARStopNGzEdKAG40VChQCPmxQoeeaFAAculJPPrR7jRUAihQoUAG5dKRSzz60igBQ880KDEDpQBbjRUF59aNlA6UAVEygdKOklietAFSKXSKAFA8+tCg3LpQCaFChQApFLpFAXuhQoUAKTuNKotooA6FChQAotoo6FAIoUKFACkUe40VAChQoUAG5dKTSnpNACk7jSm5dKQ3LpQA/6ntSdxpVI9fagBRbjQ3Gk5FAHSSxPWhuNI3GgCfO5Rk86A5dKDsu5TzwOtE7qnJvCf3oBBOfIUR5dRRF4gWzKMJ1OP8AauMt0BEZpIyE9ScZ+lCF2dHkUOMknFFNLEBhjhvpmoS74p0vTkVp5UMsozHGWAJ9yKirvjrQbBzLqOtLbMBnay7Rz6c2oSWx5AoGASfPlRJMjtgeH2NUuXtI4ZtgGTiizkeX4V7wED7ipix4g0+7gVo7iKYt80Tgn9hUWW0ZP5HqKQXPkBTGC5Sb4X5noN2KdRyoR5g+4pZU7bj+k0NxoiwHRs0ncakixVA8+tJZiHEfzGjyKEh0ncaG40PD60AVChRbjQBUKTuNHkUAmj8PrScik0AtuXSkUZYnrRZFACubg10yKBINAJHLpRlietFQoAUijZiOlFQCdxom5dKVtFJPPrQAoPQoPQCaFChQApODSqG+gLxQoUKAFCg3LpQoAUKFCgBSdxpVIoAUKFCgEUKFCgBQoUKAB59aTR7jRUADz60TqKLcaBYnrQBUj196PcaKgEty6Vxbl0rsefWuL/DmgD3iguCuc/fyo22hc00nb8uom7xSuQpQtgE+eDQDhyxG1QMnr7VEanqsNgndXUqQFie7Z+W4D/8AfLNV/jLtN0rh2Bre2ngefY0jyzSbIYFHnI3l9K8U9tX4tf8AFLv8hwVqD3Uis8R1KQFQpPnCCcKPqDUWXjjlP0en+P8At84a4MheSa9QyDoHOJX/APB5V584t/GDqtxF3el6dPLHIfDunGAPYDp968ecT8f6pPdzXN1qU9xcS/5kkrb2P79Kqv8Aj+r6nKyQMzMRhnLcvtWds6FhhH2erdS/F3x/axtDo+i2Xe4yZpx3kwb9IPw4+1ZRxP2zdrnFc813q2riQSSd4cqXA9gCelZV/jepWrd094ztjorHnTu14rvdpSc27qfJyUP8jU9ltYE9da9xjeyd4eKL1J/II4AH2FSencf9sejsl3pfHU6CLyEpGf2qrzXlnqrq0yNbk/PtGP3AptdQ6rZKs0M0ktuTzaNiMD3FTZGn+m+cB/jZ7TuF7pRx3azaxZwviSSGURSY/p/KvTHZ3+M7gLilowutyRzNt3W+pL3bLn3HKvnbb3stx3mGjlJ+LkMn7GuU9pBOi3NijxuuMqjbWTH0qSuiPtLofFWlapEs1tcJIrc/DKrcvXlU6biIYLkpnoGH+9fHnsw/Efxn2e6hAkd+91Zo+GhkbOR6j0r3/wBin4o+F+0SGGzvr9YpCAo3HI3H/apsxlj1PQ6zq5eVwQT0x5UO8H6D+9coru3mjQxmMg8xtcNkeuR1o9sXn/WpM30dO9P6DRbm9q55/wBZpO7/AFGgHHeik764+H1NJ30B230WRXHIoZFAdfD60W+uW+h4fWgOu+k+H1pHh9aHh9aAVQosihkUArcaG40nIotxoBR59aFJ3GhuNADcaKhQoAUDz60KLcaAKhQoUAncaLZ70raKRj/UaAvlChQoAPQoHn1pO40ANxobjR7RSaAPcaKhQoAUKFCgC2ik0ukUAKFFuNHQCaFChQCKFChQCKJmI6UdJegEsxHSuZZcYbP2oyxPWiY7OoGANxJ6YoRZwuriO3QBjzbyPKsa7eu3vROyrS3t5LxZdVuUPcRYBKZOOS/Mf2qV7de2LSex3hGbWZe5m1G4zHY2zv4ppPLw9dvvXzL7Te0DXuI9YveJNfvTe6xeMzruYnuVJzhR8uPaos3xQ29i+1/tt4q40lmfWtZkiiIZ1t4j4WH+oD4j9eVY8Ne7+ZX/ADLSA5IVhyA86b6m91dlpZorieZnOCFwFz61y0q3CXgOothJFZR4RyB96ijVTr0FIJ7ouu5md2CjP15/yp3emLRYEiYO0jjKgHmwxmpGOC2SWF4nyVBUqRzwRjOfWonXjI87Mqs5Ve7jP6T05faqFpKTIbULmV5xDbyeNFzK48vpXXTp7dcm7uHfB5hcbsftTU2F5I0gEbRrIdpOeeKR/CspNsUeAowzZ5mrWZfYu8GuaFBDD+VmvSz/ACsitj+lStjq/hcRWcpUrnBGQw/vWbJOk22JW2E/JgDH3p/peuXFm6290kvhbkyuTgU6LW7ovEuj2F4WurGQQzp9j9x51y7uS5uP4Gbecj+Ip+En601XWInmS4ikw5HhkHUH+ld3kF3EyCVu8B3ttONy+oqS5D6np7LG1zJEBcQPiRccpB7YrhoXF2raJdrPp93NbSKQQ0T7Ty9ulS920sluEzgx/CPJvrVW1CxWaT8xaRhAOqny+tCjT/R76/Cb+LQ6g0fBHG90XlbnZ3Lty2/p969sWeqQ3EcVxbzJJFMqurbuWDXwn07VZ7GdSpdWiYFdhKsh82Ujof5V7t/CP+LaPfbdnPahqAMcjBdO1ORxjl8rH1qbM5Qs98CcE8hyo2dR0qFW8MSj+LvRwGjdTkEHofcU6W7D/GCPpUmI97wepob1pis+TzPKh39APO9FDvRTLvfei7+gHu+l71pj31K733oB3vob6a99R96KAc76G+m++lZFAOvD60W+uW+h4fWgO+RRbjXLIpeRQC8ihXKlbz6CgFbjRUfh9aKgBSdxobjRUAbMR0oqB59aFAXncaG40e0UNooAtxoeH1oqLaKAVuNFQoUAKFChQCdxobjRUKAPcaKhQoBNHuNDaKKgBQoUKARSdxobjRfLmgC3GkFietKrmXReb5X26mgEt4etQ3FnEem8K6Fe67rUpgsdOge5uGDAnaBkAD3qYLHBLKcA8/pXiz8cna8I7YcA6bfMscbCW/WNsFtw8EbewHlUN0rL4obOmece3Ltk1TtR47uuJrjvVjaUwaZbMci2gHTAPLPvWQajd2MW6RZHeeQc5SxOR7UjUtQknX81C2CSdmPP0P0qu65PdDZGsuJpF27wNuwewqlqrOvVR9B3ep2to4hLNJKRvCq3In3oR6jPfZhVECj4VjRcfzBpxonBSTxG5eRTNLyBlbbtX296tGgcFxW8wU20rD1VckfWsnmUfZpDBLJ6IKx068MmwdVXDRvjmfY1MWOhxzSDdbs7p8PLkeWOdaFo3AsULLKItmeYDjOT7Vb7PgJlcvbouEPJtuOVcGbnRh6Z6mHx0pq2jA9Q4RyCjRuoeTmQOg9qjLzs3MFuJbg7AfUZz969XPwL3MIS6ghkD9WC/DURe8JRXCR2jwxmMHoByxXNHyO3o6n4ho8h3vDDQYUTFAFzh+VLuYYJoIlkhAuAMCdTgN9RWzdoPAyWVwZLdERhHuKhcjH3rLLqytbWYxTIGkk6lPEtetx86yKzxuTxdJDDS9LuRtDMWjPMY6A1Iqt1ZyM2MFBuU/qX1H9q6L+a02WRO73QsFkRvIA1JWitf98zNFknEYx8Deo9q6L6s5RuJgyBigeN13K6N/UVGXdm9rOkvxxvzb39j707tbxrPUZLW5xGA+QMdAOoFKupXkmNlMFYsCU8snyxUgrOq2caMbm2mwxQlAR1B9aTp180XcqcqrnCsOsTf7U8uYWkjMKE7lOUc8st+nHpUQ7BSHywV/DKn6G9ahdmbaR9KPwUfiGi410H/wB1PFl4r6xpUINjLIxzc269SCTksP8A9FeoJZpYyCuWXPix1xXxj4H4117hLWrLijh29aDUdIl71JlH7j3B8xX1T7Fu2HSO1/gCx4msnC3RQx3kBPOKUdR9D5VaymSPVo0qO93ALkep/t9aX+a+blioKeZoiJdwAPN/Y+orot5kFj5dQOlSYkx+bP6aL8z7Gor843qaC3hPV6AmfzA/UKV+YH6hUOtzlsEV0W4U9TU0CW79f1UtZc9TUSs4PU13S4HqKgEms2euKUs2euKjknHrXVJB60BIrKD1pe+mCSD1rssoPWgHeRS8imqvnrS99AOcii3GuakHrSlYnrQHSj3GkbjSqE0ChQoUFAoUKPw+tCC8bjQ3GioUAraKTR7jRUAKFChQAoUncaLc3oKAFChQoAUKFFuNADcaKhQoAUncaG40VAIbk2KDchgUHZc550hpV86ALcaSFA5jr60MilOuNm0/HQiyv8d8UWnBnCup8Q3kgEdpAzjd0c/KB718hu2Hi294h4lvNQ1C9769v52kkcknn5Aew8q9y/jg7Thp2mWnAFmxV5iZpmDclA65r5x3JN7qk2psj9ysh2Fj5CspyV0d2DHrGxveXlraRoHkCxxABy3zkfKKLTEsrxTfEF3kbCg8yKqfEVyl9cpbxlvB4imeW71qw8CRyxTgXTIEjHe5ZsZHoPeqyajHs0xRcp9mh6TocbxxA2uTI25Q3PHt9K1PhzQpLdQybFZupMQwarPAdm+s3CfmG2CJlAAGTzGT1rZeH+HrUsytNvVfhHPnXzvL5Tg6R9XwOEmtmjtpnD7XMKGaJSYzlSMZFWOz0iVsrJCQhGMYq0cN8PWrLtjRVG3NXGw4dt2G0Ddz6sPKvL0ll9HsXDEqozCfSGaQZhcJs384zh6iNU0iG2vIkMG1WJUEDl7Vsl7oUkUe1FaZYz4McuX9qqvEOid6FRlKSgggHpy9D51PxyirRn8il6MQ4x4ZOpia2jRQuzqRz+lY3xL2XNAxuF7sRZAdUXDKDnmP2r09f2DKZluEDZXCletQmsaFBcRfwdpGQgJXmAM/3row8qeNamHI4UMq7PKOocKXGiwvK0xubZNpIYdUHpVPmDaZcPJbylFbxbeuR7V6kvuEneNre5hWRBk5xgbDWCdqHCMvDF8k1ojtZT5AUr/lEf7V7vC5u/1kfPeQ8a8Md8forGtRx38CahFuM0SgOR5ny/eucGNTsT4i9zbnKt5jA5fzouHr+KO8axulyki9Tz5eR+opFwtxourusSgKw5ZHIsDkV6tWeI+vY3vYzfwySJkTv1z5PVfnYm5Wd1CCUmOYH5X9at928FteIxRha3i5Kn5HPQ1AavapK0sbnu5JRtZT03Doaqnr7KyjZFWd1JpU53se7PJl9RW+fhi7aZuy3jpLO8uXGg606Q3IydsbN8MgHtXn8hp4QkqhpYhg45E/anOlzO8fcmRlmhfwseuPSrFV6pn2IbXoJ4Q8cveRnxKVOQ6HoRTODiERsiNKSrNgZNeWPw7dsNxxDwVHpeoXOb3Sz3W5myWjPQkZrUZeKQ0av3mDnPXpWkYuStHNL6umbD/xAn6/50pNcT1rJYuLEl8SycqdxcTqesn86vSBrUWtKTkuadwanE/Umspt+JwfnqTtOJc9XqoNNivoj89OI7oHoaoFrryP1NTdpqwPXFVoFqiuc9TTqK4B6kVXINQjPTNP4rlfIGlAmkn967pL71ExTg9TTpJV/VUAk0lPtXVXz1qPSf6U4R6Aeo9dwQOlMkYV2V89aAdZFHuNcFIPWu2RQsHuNKpCkHrR7jQA3GioUvavqaEUXihQoUIBQoLz60ncaAG40NxoqFACj3GioUAKLcaG40VAHuNFQoUAncaG40VJ3GgBuNBmI6UVA8+tAFI3iwoFcJSfmA+1dvPNcnP3oDgbiJeu4/QVHa1xDHoumXmr3ARba1RmZpJAu3AzUrcXEUalmcL6bR/tXnj8WvHq8N8DHS4kctqBcOreElcYx9DUNpF8UdslM8XdufaFJxnxLqWt6kUR53dIV7zcyx+59a84cS8SG3hNrakjxEBR7+tWftA1n/mUtZTvY7nkYchn0+lZbfXcsztNJGAWOVJNYRVu2d02oKiS0aFZJVa4QvNceM56oK2PgjhqG8ZYXiURyDqVB2/Sst4Hs2v7qOQljuk2sfMivSvBehSWltHJsVRjKhRmuPnZHCNHo+Nw/I7ZduEOG7DSbdu7Tc7HJY8z0xWgaBAiNuICD6iq9o0ZaFmEWCPKrBpVhIzKzp18q+Tzzc5M+2wpYsdGmcPSpcANb267MYZxyH7Vomj2sc6Zkd3Oz4eQ88elZ3wwCuwsdp9D0NaNo7JMu52UHbjO/HPOa7+G79nn8zr0ObuxjjjVEAbcCB9fJaz3iNYpbkwsQw8g3MVot2IlK/8AMGMgg5IyAR51QtfsxJMzIAWQ8semP710chJKkcnGl/ZmeqwohdSW7wnI9Ov9qrV1JPH3m+USK5yM/LVs4gy4BjQMScJsG4scAe3rVZ1pEtbZRIACXIYLzOPLNeU1UrPZi79kPfhLiLuHYqU5c/Me9Zzx5w1DrWmSJOqtsUquT5edXueZrgyhxhhjGP51X9V2zWzock/pPWtsDlB2Y5oxyQcWeOeIdPu+GdZCKX2I+FPqD0qy3W3WdEg1SEBpLRVD+49TVp7TOG/zEIEpUsN3i25P8qoPCV/LYXculXiYhI2MPMq3n9q+r42beB8RyuN8M/8ABDubuzKCQMQAVz1x5/eoS8c3UZE7MChCuD8pHnU3dWdxpd/NHLGDGjHmp5YNQ17cbJe/aEPldkqgdW9a6JJs430MHlhMytNnvl/6g8/c+1E0bW10t0rrJFnPLkWoXESmKRV8WAHUjzTzFNTLmN4j4hsyv+k+1WsoX7s14ok4Q4tgvoWIguAIn5nBU16WHFG9FHe5UgFSD5GvHen3He2CB23PHINxPVQK1vhbiqS70eFJJCZIVCsfYVpidOjLKlVm223FZVsb8D0p/DxZ/wDUNY4nEDZzuNOo+IiPmNbUcrbRtdtxX/8AUqZseKQf+pWE23EX/wBRv3qZsuJAOkjfvU0i+yN9seJgduZOtWew4hDbf4h5+9ef7DiX4PGf3q3aVxKvg/iH96UibN00/W+8bG41YrXUiejisa0jiEb1w551btN1wNtwetZtULNKgvc9AafRT56mqfYaru+cVOW15uVTkc6pRJYYpc9TT2KUHrUFFcD5SKkIZfeoBKJKfanKMKjIpQetOklPtQmh8jCuqkHrTNHrujChJ2HKum41xV89aXuNAdKLcaTvPoKOgL3uNDeKKj+1CoAxHSioUKAFChQoAUW40NxoqAFChSdxoBVJ3GgzEdKKgE7jRUKHl70AfL9+lFkUnPX/APcUj5sUAe41zbnnPlS6R6+9AN7yFE2zKAHAzkda8AfjI47m1fiiGCO6ja32loIw25giMVyf+51/b9690cc63/gPC+o6oyYaKBgmOu7HL+dfKvt34hOscVajehztt1/LQsOWFjX+5J+tZzaujr46X5Hnji3VZNQ4gnhJLCLKlf61A3URvI1m7oBYWwwz1pu9+brUZ33HfLK5DeeDTuC3a+uI7C2XIL7W25zn39asqirZCbm6NR7F9Hk1C9h2R4SN9wJHX616q4e0Z+8Ed1EJSF2gDwjFUXsP4Ej0XRYbi5gLO4wM4/tWuXF/p+i2b3+oTLDEvLc3Un0HrXzXPyyzZKifZeL46wYVKRLadp6pE7NsQfyqTtJYY2ARgQvmTjP0rDdb484r4sZLPhK7lgtx5Qx94W99owcfeq9qWn9tGhK97eRapJCi7l3gjHvtAJrnj475F26OrL5JY3SjaPXWkzzyumxV5tgKWwT9Ku+n3txJIYbl0RtwAG3qTnz8hyrwTova5xhot7G9ylxC6uwZJJCu0jyBbNaJw7+JXji0mEN1FIzWzB1MgQqUbOQzY5gZ5Gu2HBWP+RxT8isv8Wez71phahy8eG6geI1SuIp2WZpIyACqg7W5EFuoNM+zftntOPLGO3ubQRSBVd2BA5H0qY16OHek9u6oqCNAFXd4Sc/Ss88Iv0acdt/opN9pourhXdlALd4QvTHLz+1VzUtN3xiVY1VJGAZj5Y9a0KC3t0DCUx7UjEqqeQxzyP5VR9e1C1tbbdLJtRSXfcfDjyzXnyhbo9GM6KVNZkoSIscvEwOeZ61VdWt1WV1U4enmp9o/C+j95ao7t3TMzYb5T0PvVH1ntk4RluArxTQu/qua3hx5v9GWXl4YumyG4osGuOeRjYSOXmaxLW9La21hpo3beuQUx8Sn0rXrrj7ha/jlRLwRFx4d/kao3Fc9tdCO+064jklibI28ifbFenxFkxOmjxec8WdXFlO1eZX7qVwSUOyYDoPTNQoMTJKiy7mIDg459ef8qnteWF1gv4Di3u0xJjyPkT9Kp9zLNZSu4lAKOW5dCpGMV7NnzkzisjJIbcghwxK+4PkfauUyYAkUbUfzFLviRGt7CxIi5N9D0pa7Z1IX4HHJfIEdahqiqdjXTbjubl8/DJyYHoWq38OagbacwqzbZVyM1SyQk5QjHmD71K2ly8c0UqOeQxzq0ZJStlEnWrNBGoMOj11TU29TUAk3eIrA9aMSuPnNdSdqzin0WWDV5B0NSlprTDq1Ulbl06OacR3xHRzQGn2Gut4OdWnStfbweKsdstTdcZk6VZNL1dhjLHlQtZumja9goe8P71eNF13OMueVYJpOtMGQCSrxo2t42+M8/eokrJN30vWR4cHOatmnakpRMvWMaLrJOzMgq66XqoKJmq6suuzUbW6ztwwOal7e4B6mqLp2oA7Mk1YrS8B6kVk+iaLLDL709ilB61C28qnqafwyD1oSSkT5604R6j4Xp0jCgHiY9a6bz6CmqPXfIoDpuNL3GuSsT1pW40Bf6FChQqChQoUAW40dJo9xoAm5dKDculA8+tA8+tAJ3GioUncaAUefWhSdxobjQBNy6UW45zQLE9aKgBSPPNLbl0rluNABmI6UXy5oHn1rjd3KWts8rfKpKr5tigMc/EjxNJpvBd4kU21o8vjBOSgJGceXLnXy+7QL8x6bdSzSbpGiZ3J9WPM17o/GJxNc6Zw1p+jpdbLnU5Wac+ZUgjH05189u0W8Saz1GJST/BMYPsAP71i+50dsE44jFoJT+Zwo8XP6861rsW0a1uOJYjMqyspztPPBrJYJFil3Ebmz8Q9K3L8NFib7ieScqW2Kpyfeo5Nwwtk+PSnmjFf2exOHNP7mxhjVdgPwqK7jg3/iTWVvtcZxpdkMQ2+zwu/qfWpXS7Q/l1fmNi5J9KVf8QJAu1XMcSjdnPQ/0r5aOVp3+z7n4m6T9Fj0qezsnQ2NtDb46GNApA9Mipy4u3e3w4G2QYJDH968+6r2wQWAzYQtNCjbGnbwxA/92agj+JzR1R47/j7R7B0BKxLE8o88ZcHHPH2rTHj5GTtormycbF1aRrPEfDui6qSbjTrd1yxYtEM59enWqnNoGjQSdzLpcUcJ+FgOQ+3+3Ss2j/EVJqcgjsb7Tb5QMkRSlWOevI1K2naG3EC+JCj/ADKW+GmXHmirZbFk4+V0jYOBrOz0K832Um1HAHLG0AevKtXt7md9PFzcFnQcmZiF5fSsJ4L1Npysax8wehPJh71vWgWSXnDF3NJgPBBvyDyJ+9ckMk5OmdeWMIpNFJ1TX97v3jjYqlR64Of71lnH2um5sJbeFmYsRkA/FjyNSnH2vxaSsrK6n2rDtR4vmv8AUO4hlOfbpW+CDm9jHNkhBfGQ2t8I67rd680MsQyAFUyYGB5VDN2I8SX7vLJqNsr+hlJx/KtK020Lx9/ezbQTjmB4atWly6FHiP8AOwlm6tvJP7V3Lmzh+KPNXjceV3NmGx/h54tkRfzmp6bEHOQzO/8A/wA0w4p7H+IeHrcalZX0V40K5cKCCa9E6pq8CR9yJy0fyMBnP0qg8UawwjKtI21hg5OAa1x8ueSVmGXxmPDGoMwa0T89pVxp8lm6zSeJVJwFI6jnVLu0SeznR1xLbkO2fMeY+1XvWNQt01tpWKorHcccgTVL18fkdXW47svCzjevTKt8Vewu1Z85lqMnFkPY3Q3NaTc1kGDXaz3+KKPHM4XPr/amFwphmVhj+GeZ9q7RXIgn70HwNj7epFWl2c8XTo730P8AD71B8JzRWzbU8Jz9aeXMbzF0G3a6b1x5/SmNkMl4z8vSqlqe1ln0yYvbJuxTqovSpT3AXlyqUO3yrqxu4nLlgFj3NKBI6UVCrmI6jlx8xqVsbwhsGQ1AAkdDTiCYK/U0BfdM1LDjxjlV00fVzy/idKyWwuyr/FVr0m/2/NQtZteia0fBV+0jViUTMlYfo2pkbMSVfNH1Y4RfKheDNr0rUy+zmatun3wbbkjnWTaJqreDmau+l3wO3LVSSTL2aHZXm/qRUvby56mqZp12Dt59asllcB+pFZ0CehlPtT2J89aibeUHqaeQyn2qASKMKcZFMYmB604Ug9aAdoRR764owo/D60Bo240dJo9xoVBuNDcaKhQAoUKTuNABmI6UNxojz60KAFIo9xoqAFFuNHSaAFChSdxoAFietc6NmI6UVAE7BV3Go3Udxt5ZJSMlW2D9I86eTMXyByAYA/eoXiqUpo9wQWV5v4EeDzDOf7UfRKTbo8G/jO4kGp8bWloAyxWcYRf9Z2glh7ZNeNuM5GXR70yJgmMYJ65Lc/8A8RXoP8R/Eh17tE1OaNv4Ee22t/ZMjBH1ArzdxTcyzaPdGZgwSQIfoDn/AP2NYJ3ks76rHRnEMezbkcyMYHSvSH4T7T/4ncyOpGVXmP0157tolacN3gAHqM16l/DFZC2t5pBgkso3+3pisubP/i0beJhfIiz1UqstkBFy3DBzWf8AHsGoTWrW1m+0sMbhWlxRM9uigYFR+paGt3yWPIr49z1nsz77FDdWeSF4FvBxJDdcTXF7qGkqd08ER2LEPXYDzodqulaXwlx9Zccdkc+m3lsbLbbRy2iTLDJ3ZSQSwOMDkcjI6/tXoLUuDIQxYIA2MLyHT0NVW84IlScrbx2zmclTmLJOepPvXucfySUaPB5fh3OVrs829jnAthq3E9umttCllCzXF3K0mwIp6KMda2m07Okt9QnueGtTgutPhIwJZAr4PkuD4jVosuzKGGfuZQqy4EndpGuMA4x0q9aLwO2lAzSFkVQAkCYHTzJx1pyeapxNOD42WCVph6HpkGmawmnRusht0wzr0J961XTdaFjo15b98Bvh24Z8LWfaLpht71u9Q95Od5PnUxqbzHTpJGG4eYUAf0rwW3KTaPe+O0kzzz23cSvZGaJSC/kwzWYcMTne95O/+XF3jH0qd7b7iWTU5Ldd2QentUJwOhka2mkiV487ZEI5OPevfxY1HCmfPZpXyNWTfCtprnaVrsek6Jpt/rM0r5htLfKIeeN0j9FWnXH+t8ecA3nE3DyafwLpp4Ut45rqOdEE07MQvdwF+crAsCcY5VonBlxrHZdfHVuC7+XTe8iWMqoV0ZCchCrAjH86o3bfoLdqXEEnF1+tpBqVxGhudqeCaRRjeB1UkAZwQOXlXRgyYV7RhzMHKbtPoyXSu03i7iO6jRNItwxRmAtj3bDb1wMmmuo9ok9/nT715F5lP4md4YetT2i8Lapwxe/n1sbWd0Tu4tjEKg88+f8AOqbxpo9zNO11JAkbFizbIyMk/eumKxS9I86T5GP22yuXV5dXUzlzvKHxHn0p9K41q2ggch3xsLDrS9N0q4jt3aWEssgwGqHhuTaTSWkbbT3mQ3mK3g1dHDki39mRdykokMcnUDH1x1rlnbbkNzKE/sadXTAyOTnNNU2ltjfCRg1qcj6lZL6ZN3loUZiSh8J8wK5TRNDcnHLvelN9Bm7u6a2boVKjP6vKpG7gdYtucvGep9Ko+jddqzpplxtm7sjlU+mNqnPWqxbSItwpxyPWrJHhogVPSt8T6o5cx1bl0oUDz60e0VscwVHuOc4FDaKKgHcEhByDU9pl2V6kVWY2Ip/Z3DDrigNG0nUMbfEKvWi6kTs/iVkemXZGMHpV10a9I2YahaLo2nRdRxs2yVfNI1HLIMGsa0LUMbMMK0DRdRJIJfpVaNDVdMvc7MMKtNhde4rOtHuxy59KtunXWfMVQsXa0nBXOafwyn2qu2M4KdambeUHqaoCYhenSMKjYXp2j0A+THrS/D61wRhSsigNMoUWRRbjQqKoUncaG40ANxoqFCgBSdxobjRUAKFChQBbjRUPPd8n86SzEdKAG40hmI6UqkHn1oAHn1oUW40NxoBvcE93Jt6kk/t0qm9pWrnSNAlv0dENrby3AyceLYdvL64q4t8ThunP+dYt+IriN9E4P1G7jl2MzQ2yFgCPEQTn/wAKmom+rNMauR81uNtRfUdZvd8pOzCZPUBRjlWOavcvJotxGSDun/ccv7VoHEN8l5qN3cWzbY5O8kTPUgnln7Vml6+bTuc/FIP2IzXPH8jvmqj2M9FLSMsUcWXLYPL3xXq/sCtTp99NaSIqMGXI9wP715n7K9I1HiDi2LTNPgMjRuGcsMALu55r1Jws3+AdpdxpUw2l9syeQZXXfke3lXHzZe4Hp+OxpVkXr0eoYY1NsHXyrtBGX6rTfSpluLJFB+LripW0iLeVfLZE3I+w47+pHXeixzxOqwBvcdRUfHosNuxZ7Q+A5J5ZH8quUUTOCI1wG6YpUfDV5KWlADA9U8/3NXWKS9Gs5V+TIGx4fgciSKOJOWGJHPGc0jVba3gRVT+IX6Vbrexjjl2XASPHRT5/U1BcViw0+OOaWRTvPLHTFM0ZKJSMu/qVqbuYF7zI7wLtDeeKZanPH+TKRzEArnGOdd2Kas4FuAFx4j+k0z1jTr7uJViSQsRgNtxiqQ6L7I8ldt5eHiGS4bOwjHKovs1u42vltyV2O/hBq79ruhT4mNzFlo1yT9s1ivBWtNp3EEVtOwULLhT619HiW2FJHy+f/lyrf7PXNjaxzWAjuYlcOo2nHkKr+u6BbuJJbVNpPl5Va+FA95pscpTKmPC+nTNd9SsR3B7uFdz9BnnXjPI4So+ihj+SKsyK40q4X+DuVgeoGedVbWuBknV7idy4boBnFbDd6Zbq4kQAHz5cqrPEUq2tuVBwF6V04c826OXk8aLVyMK4ot/8JgVYeSehrJL93S/Zjywc1rnG8rXRKhThelZNre3vyfM17vFbSPjebW1HKZ1fxADmcGmQ3efKumn77kzQIpJU96PoOtE+d2ABXYeZLtWEWaKWOccs4OR6irI7fmLZZweTrjl61W02yqYM82OUNTeiTiSylil+KE5wKpNGsH2cc7ZUGMdf5VYtOkzBzPOq7cqUkBPysQfvUzpkoIIH2rTE6KZUmSu0bc0dBeYwaPBrps4mqCotopWDRUIAOXSnEbAdK47RRpQE5YzlehFW7SbsDZg1Q7OTHU1ZNMuANmGoDUdGvcbMMKv+iXw/UKyTR7seDnV70S7H6qGtmv6LfEsoJHOrppt0PDz61leiXx3pzFXvS7kFQS3Ss6Ll/wBOuQQoz1qftZQehqmabOPBzqyWE/vVKBZYXp7EwPWoi3nz1xUhC9QCQR66ZFNkx6118PrQGo7RR0ncaG40KiqTuNDcaKgD3GhuNFQoAUKFCgC3GhuNFQoBLMQMDpRHn1oHn1oUAKR8m7zo9xpO40AVChSdxoBvcuIwXbqa8j/ja4gNhpP5Iylbdba5uJCD8cgGxR+0g+4r15cxB1k3dG/lXzv/AB78URLN/h3flriWEwsFPKE94WwR6kBapP1RvhTczx8s4fTppzzKxDmfLIP9qpN34pYdnQsEH1AxVxi2x6TeHByI4xjy5Ak/1qlyvmRFPIAkjHqKxh3I7cr+pp34VdQj03tGvGMSP3sBTDjOctW08em4j4y0fV57Vrd4mNsr45OhOV/bp9K8sdmPFcHCXHNvqFxKUt3l7qVgfhGc5+le1e0GbRNc4E0/WLPVIGeGWJkYEFiW9K8zmQcORGa9M9jxs4ZOK8d9o1PgXVRfWMbgqAFB5+9XtGUDlyNYn2a6mIrZIywcFB9seta5BeCVO9Tl9a8XkR1laPo+NJuJc9AiiMoZsHPynyqY4i1O00ywkIUOWZlUdenSqPaaubchi4BHmKZ65f3epSELJtTG32A9frVoZko0vZbJi3lcn0OLJ77XLsRM5EY558vp9aTxToKSahFBcv8AwkhDpzyG9adaJcLptmhhXmV3E9Rn1rjxZZf8W6MLR7qaCdMqjxsAwz5dKreypl25J3Erok03Rt0OV5t4lJ5k1Yb7ifh+84Za1l0uFLwdLgOcn+f+1YsnYZZWtncxaxrWvQXe8tHd22oTJ09fEarfGnFU/DOnxadDqtxedyefeJmXHucc60xQTeqMM03FXL/8K/23cRaZCs9qcPIRjK+fLFeYri2kNy96qGPbmSJsdCKcdpGvcU63rks8tzcW6bsLGFOT9c1y0614n1HSfyEcEuWBBmlHTNe7gxxw4+2fN8jLPPlbr0eq/wANvHlpxdokVlIwM0a7GXzDba17VdBt0Yui7gFySPL6V5e/DpwxqnB2r/m55SQ5yQvTpivXF1f2c9jHKhUAp4/WvD5uiy/U+j8fObxLcyjWoZoWlXvACPI+Gsx4uuikciuvStZ4oMeZGTAY+Z5msT4zvFEcnj3E56e1bcWKlK0U8hkcVRlfFVwFaQ7+XlWTaxKGlJ8hV34vv9ztCrdKzzUZMsQDnNfRYIUfEc2Vux1w8z97IU6uAvP9Oef8qVfQFMPnG7JA9hRaEe6ySOcisF9iRgVY9b0pbfTbcSKN0cmGcdcE/wBq3fTo413Ep4YpID5jpUxYSLHdkL0l/aou5hCzFS3LyNd7WUhT+pehqJdlotIk9X6oV8yC33p1o8g8HOmd7KssCTD5sZ+1DS5NmMHp61EGiZlsiINddxptD0z5U5XBGc8q6l2ckkDcaTtFL2ihtFWMxNAculF4vSh4vSgHEbEdKmdPmxswag0Y1I2jbWQA0BetJuANniq86Jc/Dz61memTkbMGrvo1zjZzoXNT0S5GUO6r9pFyCnNqynRLnpz6Ve9HuzhRkc6rRqnZpelzg7MmrPYT+9ULSLvOzJFW2wn+HmOdUfQLbaSg+dS1vJnrVbs5R61NWkpPpVATMTA9a65FNIWFdsigNYoUKFCoKFChQAoUKLcaAOi3GhuNDw+tAFSdxpVIoAUKTuNKoBFFtFHRMxHSgEsQOlc9xoHnSdxPSgOdw5WH4vjI/bzr5RfjU1+z1DtlvNMimJEObt1PRvEQn8lX9zX1O1m4W0tLueV8R29s0zMTyHLNfF7tm18cVdp/EmuzXqToLprWFweWxOQrPI6VnVx13ZWDcltNusKAXGMY/wBH96pV2xDow/Wy1cbw7CFVD4o2cqeXMVTbz4u680mZjWWPqR0ZfxIORsXUiMBhjk1ZeFeI9Ut9QsLGTVLk2YdcQtKdg546VWJ/FcFvM125oA6EhlIII8sHNdDScaaOWGRwlaZ7+7O7lntIZg25W2pJ75rXdGvpxD3Ur7/pWE9iOqxahw7ZXQZW76JW/Yc/vmtos3a2kBVfCelfHctNZGj9A4MnPBGSJd9VXdjJH1ptZazNqOovbxEukagOVPhXNElo80g3KMEcs+tU+41aXhi0MVhpN3d3BmkkuFiTntzgDOa4cdyO7I69mrR303diJeQxggeVSFhPKcLGVUh93irGD2sjRQLbWeHtXtZXXeO9iAyPY86UO37RbM94bc5wQO8cAHngV1x48jL5Td9TnsBYyy320EIeR5jnWTWGg6Vr+vm+ltY1iLbE3qDgevOmEXb3p2rxG1TTLeQMAG2MxYevI02/96PCWjRGXuLqJlH+WVGc/WtJ453cSFFU1Ir3GnZhoi65M81pG7KxODGM9MiqXq2iaRp0wSG2VSPIdKtWv9r3DOq3f5iRJIpCAMlhlsL9aomtcS6VfBZYL+Els8ieftXRjhlqmceb4oO0WXhm8sbS7SJCFOccvWrxJqjxq21ycjAOedeeYuLILbVooWuYss+Q4c4zWn22tPI6W5ZsjGTjPWsuVx2nZrxOXGf1HvEOsrco7KcEdQKw7jvVEtzIoJB54+9X3im7n0q5cSMcS+R8qwvjvWXuZ2gU5x5+ddnBxM87yeYpOt3jTs7eHNVG5cvKfQVPalIefvVfPPJ65bFfQYkkrPkMs9ixcNWj3MsRVMp3g/YD+9aHr2nRzI3LmI0kZj/2ZNRXA2kN/hEV0ygNkYXHPGcmpXi267gXAjDASRYVc+2MftUSdysuoax7M1vY4jaxSbOZzk/0pjEwRiRnBqc1O2aLR7aZQCsoOfYgkcv2qGijZ1YADIbFSZaskwn/AMKHLOyuWnSAMoJ+McvrTrTVL6bco2CVQMP96jbQEbXJ5B/2qkEy0y7WjCWFQOrV1iYlWjyMjzptpcsMbsCHKsuV51IrIihgI059DiuqDOeaE7hR0anPVRQ2irmNBUKPaKG0UICHLpTuB8OMeVNK6w9c0BZdNl8SDNXHR5zuQZqg6fJhxg9Kt2kz4dMEULWaVolz71edFu87MkVmWjT424PWrvolz059KGkDT9HnHLn0q56dKG2c6znRZwVU561ddNuTtQ8qyl2WLjZyj1qds5R61VrGQNt59anrNveq0Cw28metOfD61HW0lPcioBr+40NxoqFCoe40NxoqFAHuNFQpO40Aqi2ii3GhuNADcaRuNKpFACl0W0UTMR0oAq5lietLZiOlc25dKAQ2R0xXNnCrkc/pRuu4rtJwaTIwQLGQFZvTpQGWfiG41fg7sr4k15Ylylo2EY4yAOYH2Br46a49xa28c1wNstyzXDrgczId1fQf/wBoxxY8PAuh8I2148VxrWphnw2M26I4cEehJr578ZTmbVI42kEmBjK9OQwPtWOTt0jt46pWDU5mkuYZGbcWtwTn361UdRUx3Ug6hlJUjzJqw3FwXEMnLcIIxjy55/tUFrJVZ+m0YI5fyqkfyNcn2j0V2bIkYt5V0ZiUXHzUiUkSuGZW8WOVAsUSPHPY2OddJ556e/DDxKr6I+nTPl9PkIOP0k8q9SaffiWGPvJPpivn32Q8XDhTiVJJZdlteHu5f0qT0r2nw3r8dxbRMhzuAIyegNfOeTwOM7X7Ps/DczfEsf7RrGj3UUjKHYMFORnrUxb6Zby3Ml7DFCBKfGm3rzzWcafqgWcOHIHzDyrQeHtQhuIeR/vXiauPo97ZS9nPiXh3TtYsQl3YxsMYQkeJR9aojcFfk2fdp9texSY2EoCUwc1rDh5omVlBHlUTqGirLmS3lEUg8wetawySh+xF6lHj4J0O9tD+a0SOIkldygo2T7g1QOKeCuGpJBBK14Vjcbka5YKfX3/nWg8R22sr/wAooO39SSn96p9zw/fMHQXEyMGJYum7IPpXTj5F+zZ5ca9xM31vgXgO1BmXSIy3zAyNk8sVnOv6RozB4rS1ljHLxCVlIx9TWwcT6NrEaOiRTO0nQtEFqhzcD6lqbPcanclI92NuRiu7DnX7Z5PMUZuoRozTQeCYdb1VbaPUr6Qo+5iknhT74r1V2d8HaHbQW0F3cySSKiuzPICWA9OVZ3a2encN2vcWEaAkYOBzNPNP4nktUNy8pRLfkOfMj2qnJnLP6Obi44cZXL2M+3zU7C0vJBbOFVemDzrzTf3Ml9dyXBY7fKtA7S+JV13U5NjFk86zS9cRxbgce1ejw8TjGn7PH8lnWabr0QeqSgbsHpTLR7M3d4FYEopLPj2o9Sk3uVHnVs7OdHMtyt1ImY0YStnzA5bf3r0V9Y0zxK3n0aGgj4e0RTJEFndAOfQMebfsKovFGo3FyjkSeL9Q6VY+ONUdk/K5DP4lYZ+Et1NUi4mN1dwWqqSCpLj6DNRRvJrWiTu7GQcNWzt4ljXvD92bNVpbZhcmJCfEN/3q42O+fQGglOQU7ofZWb+tQK2Lx3dswfckinxj9PlU2Uob6c/d/mYc+IwsuKilfazAHkTkVJrG0N9coc/Ng1DtylAHlSBWZbdKlEiQsrklRg5qZViX2noOnvVS0m5KPjI21bIQGSN8/XFbRMppjgculKomUDpR1qYAoUKVtFCgjaK6R8qLaKMculASFk+H5VaNKl5oc1U7XAOc1P6ZJtYDPShNF/0e5PLpyq8aNIo24Y86zfR5fervo858HOhrHo0rRpyAgzV40ufIQHFZvo8/TmOVXrSJQdmTWdFrL1YSDwc6sFnKfaqpp8gOMHpVgs5T7VALJaSZp/kVEWclSG+qA2uk7jQ3GioVD3GlUij3GgBuNFSdxpS8+tAChQpO40AqkUe40S8+tALpB59aPcaKgEnn1pD0tuXSkHn1oDm+NoBOMelR+qXSxWkzSKyEDCHqWY9MelPJAx3cxyqC4u1OPTrGd2KhLe3kuZnPIAAZGKPomK2dI+a344OIJ+Ke3m00CK676HQbTuC0R3DvQSZMeXxHFeV+L5VGumKJdhtwISPIsPM1tur6tHxV2h8Wa/qVtPvubFzalR/lTSzocj7FsfQVgGvOz6tcgSNIWmYBj1IHnWLVuztvWItJ90ds+RloI8/UZ/vXDXIyy7wOsayD6DrSIAVis/Qrin+pRFrRDjmp7s/9pH96pFVKyydxKQygTHHm2ftXaRDkovQnNInUqzOPIYpW47855HpXSuzj1d0d7PxRhQercyP61vnZP2ryIi6VqBfvYFUbjk5Qf71gWntguuOWc1c+y28W245s4Z490UxZWUjqCMiufk4lLG3I6+BleLMkn7PZehcS218sZjKscc9redaLw1r0STKoHhNeb9a07VuF5hqehLuspBueDnyPsasvC/aBHc7cSsJFHiUnBBr5jLxtlcT7TFynGWsj1ZY6ikyp0Ap2IVkJdFDE+R6VknCvGlvOndyXJJHTPOtJ0PW4pCrMMg+f/pXG4uLpndGSkriPZtH7wbpI0YHpgY/rVc1uxjt1cpEOacj6VdrrVbKKy/jAEn/y/WqleXsN5cEZHdqvIf6au4R/TEZbezOtctxI244dF6NjmfpVJ1i2KK4SLC7+grT+JIrS3UyqwUg+AY5gVl3FOrx2ds5Zuec863wxszzNRjs2VDUVggnZ5WwAucVl/GnF6QyPZ2r4XdgY8qleM+Lo7dZijguFwD71jN/qMt5OXlfGTnPWvZ4/GclbPm+VytXSH95ftJmRs5PX3qvateBT4h9hSrrUNiZd+VQN3dvcNgNXp48dejw8mW1bDhR7u6CoCzN8Kitd0LTpNB4dNxKVDswUA+bnp9qpXZ/oQuLptTuAwih8z/TPrVl1rWEnjkVXcQW4KJz5O/6vtUyabozx/Vdla16+We4JDbnZtjHPU+pppp7tJqMsgbkgYA/UYrjHgyOzkkAggn1NdNOZdrkZBdwDj0FWLSdljtJttkIQeQSVv/LjP/mNIgSIWsMwH8RGHP0ApFtGfy9xMG8MULRqD5sWGc/tXVnVdILNgLyQEdc5AP8AWqFiHuQWvJLpgBFtJIHvVd3B3DD71Zboq1leTjIDodo8uVVWI4BA86tAym0nRJWjbG2g7vpVt0eYPCUZslfiqlW0oU910PqKsmjTKJN4PJ/CfrVo2ir+3otLKCFI6GlbB6mii5xBT5UuuhOzmfRz2ijo8Ghg1JPQjcaG40rZScGg6HMDEdKnNPfByKgYfixUtZPhsChBdNJkC7efWrnpMu3ZzqgaVIfBV00iQHHPpQtZomjz+FTkc6vejz/BzFZto8vJBmrzo8/wcxVSTQtNl27dpzn1qx2clU7SpRy59KtNnJVCxZbOSpLIqFs5Kk99UButH4fWkbjRUKgZyOgFBXJ6gURUHrQCgdKAV4fWlDl0rntFK3GgBuNFQoUAKA5dKFCgBRMxHShuNE9AJLEnafipLEDpR+WP51znwkRcHxeVAcA5fvBnnuwKxHt74hlfg650aC4EWo8RSta2ikk4ijGCxwOhIx/4hWwXsy2qDvHKworTSSeoAzge9YNZzS8Xdoy397FHLp+kpHCijc2HYd5tBzjmdmfpUTZpjTUrPA95LpdlxJxRY38M7PFDA1owPTu3K+LH15+4rzzqEhkuj3gy2SQfXJxXobtohuOHe0/iawS3jiWdbi3dhF6S7hgZ61gGrxCK9SVl/h+v3zWd90dLVxOiW7LY2rr8SSsh+o6VMmzWfTXlbOTFuXH60bpTS2tne1ugGB7to3PtuXOR96mtDxc2F7asCTaOJfcoeZ/oao+jeCWtGYahEsNwxOdobDCktARGo+ZP51L8RWTWerXtpJtbbISMfpzyP7VGBlkgHP8Ayzy9SPeuiHqzhfUgW7rCwJAw3Wp/SbptK1zTNai5rHMqyKPl5Y51AbXliHhAI9BUzozxuFaT4DhZPUgef1qk/ummXh9Zpr+z2rw3LbcQ6JbmVVZJF5L1GPeoHV+ztbe5JtUwxOUdDjFN+xjVUfQI2hPePbnu5FHSRfX61p8xgbYiE7G+Fj5V8rknLBl1T6PvcSjyMUZMy2Gz4q0KTvraRyq9MDNXXhftbFlIsWqh4JR1LdKtel2lsQwlRXB6ZpOu9l+ia9byPHbqsvkQQP8AaoeeE/rJBceeJ7Yn/wCiVHHNlfwII71SGTc/jzk1zXim0RzIJBgn1/lWJcR8AcT8OSSNp0kjRL02E1TrzjDiTSY2jurScgee7nWmPjQyfiyk+bLG6nE3Ljjj2CO2OJFDOMDPUVgPG3HqXJeKOcGqhxHxrq19KzTJPy6DPKqRf6pPO75XHuQa9DDxI4zyuTzpTVC9Z1Se7kd5JG655mq/c3sMH+WTR3Es7ghixzUZNG+SHHPyr1McFFUeDmyOTtnKeV5X3MeXoK76Vpdzqt/FZWibnlOB9PX2rh3Mj4VVOWO1R1LH2q8aDbR6FZsFB/OyqTK5/wCmmOQHoc1q3Xo5YQ3ZK3M8GnW0eg6e6yRfPInJScdc/Wq9r1xsjjtFb4fIfL9albaS30+3kvJ4d9zMm2FDy7sZzux61XVBupJJ5MkfMfWsq+1m9s4MCItg+Ll/KnemR7ljCjnIeWfSuCZkIVh16GpnSrF5RJMpCJbxGTn6eX3rQoFcbrYy24cksOYXp1J/2qUlSFtMEChSVQHHuSD/ALVBPN44lw2SMk+YHPr+9TsTpHbtcOgzJGHCeYPkKoaJWrK/xLcJbQpbRY55UD2881WI27s8hke9PdZunur9zyPdjA9Kah0crGg5n1q8VRzTak7QSE95tz9/OpfS7toWUyYGDtI8s+tRRTa28dc/ypwSY33noVwf7/WrExdGnQGN7ZJYyTvpS8+tQnCuqK8a2k5BV+h8xU5t2tgHI9a1g0UnDqw6FLKbfipODVzEKkty6UvBpJUHrQAjYg5qRs2G+o4KB0p5a8n5UBadKlPLpyq56TIB0NUPTJMdKuGlSHw8+tAaBo8o8HOrxo8viQZrO9HkHg51eNJkAIIPSqlzQ9KkHh59atli+VU+tUbSJQdmTVv06UkIOVULFns5Kk99QlnJUqCCAfWqA9AUW40NxoqFQ9xo6TR7jQCvD60VJob6APcaG40VCgFMQOlFuNczzpdACgefWhSdxoANgdDTS5cbG/8ApqCPvTg864XIG+aLHWMbfqKArHHtytnw9qVxLMsZt7SRgcH4mXkB96zTgf8AK6fotheTxrE85N1Iic9yM3gJ+h8NX3jfdqtklgDykmJlX1WMM5H3wBWeaTJZrw9cS3U+2Kx05ou8JwQA7lc489yj6nNUmb41Z4R/FjAE7Q7zVxGyi6l/OsufEI5QCenTBzXnbVojNBvVAwRsbR5/SvQPbCLq+nutY1O47y9kDA7sgldzEjp8vw1i8mlyi5ltlHVRNE3kVPpXPt9rO7T6kdw7cxSfmIGXPf20Y/8AEjY/pVg0LbYa/wDlnVSLq3CYPRj0GarVxC9hciaGMxg5H0J8qkZb6RLvT71VAYFSu846HPWrP7ejJNx9kL2iWZtr+3n2gM6GOQjzKgj+1U/u+5lwhJRuXP0q+cdSLdQKMFyJ5CSP9Qz/ALVToLdpkXH/AExz+nrWkJOqMpJbHa0CmXuiMnG4gelKdJbC9E6A9z0Kt0xSoxJbSxTNDgo3iOfKtBbSbOewidVhlt5UXcp8s9MVazTTr/S3dg/Eoj1FdMeQlbjIQk8gfKvSWkx7rZ47gM2Tz9h7V4x0lZ+GNVtr3TbjdEsgkAY7WGPlz61684L1+21bSYJ4pwTJHubnXz/kcNNzR9R4XOskfjf6JNbiTSpQbgkwH4XHPH1q3abqSuve98oHp1qDmtln2uE256jyNSNnwrOR31hM0D+UQPJvpXkX1/p7bevs7arPb3ELpMB4hyJ6ZrKuI+F7C9yRbAg/etKutB1zO4LFLG5zjOMVAajpOoWseySMRH/SM10Ym4nLlgpKmjAeJuB4I+8dYunmOYrOr/hUd6QuDn2r0ZrHDt/qE5WRC6eQJ2A1wteza1I727Cb/wBCDNehDk6K7POnw93SR5ju+FniTcUfl1O2qjf2eZyQRtTpXortR0q20uNNOt4RG7LuznxYPQmsVutNAGAu7JOcegr1MGRyWzPF5WBRlqiE0a1EF1+YcLlMLGD0B8zU/GYpAslxJvJl3zbhzODyH0rlaafiVpivKCJmKnzYnAopZFkinuDMVV9qJgciR1rqUk1ZwVq6Q21O6N3NvJ5nLNnrt8lFNJJUis5IO7PeS9D5U4jjCtGJxk8nJ9hTcx95IZwx7sdFPWlEN0C2hUgysfBCB9z51LTboNKtlkk7ubUG7x0HPZEGwB+1NrQ20xFqi8o1Z5T6n0rheyie4E91IXHJTt5YUelWKHRYpLi/SGEZeQbSPb1NS/EM9vY6PK8TZkCBUJ67icZproUsca3OpSjxd0WXHVfSoDWdTa7WfIIQbY1B/UDmqpWaSaUeiEaUnBGCfM+tFAQcEjBHmKKOFvmNd0VfStDjOh5nb82MV0XYyGJyef71z8sfzpOT3m6hayR0u5a2k7pjgqeZ9qvmnTd9CrbsqfKqBLtZBMgx5H6VYuHL8PsRn5VWLaLP7KkW5SMkt8Pl60bqoO6Mll/Y1y7yKZAEDhk6g9KWviGG5iupOznaaE7jSdopbKB0pNCAtorvAxD1xrpCxzmgJzT5MdKuGlSjlz6VSbBhVp0yQjoaAv2jyDwc6u+lS+9Z5pMu3Zzq66VL8PPrVS5oujyDwc6uGmynl05VQtHlHg51c9LlB25PWqFi22LZ86llbwjn5VBWD1KCUgYyOVVoHovIo657RStxqCoqj8PrScik0Ae40naKOhQC6TuNDcaKgBS6RR7jQB5FJotoo6ARXKfm6t6KST9KcbV9TTe45QyMOoBH70BROIRJLBO8Rw/cySK3plcBqxiw1W3lv5tDe2lmjLre3UeMKIE/ylJ/72JPrW4atAslncoSy4tipI64HMj+tecLa6h0Lii81+V+7sr9UsJnOX7spzjOM/Mdufv0rObR04e/R5Y7ZL5zqMltM254rqVJVcneu5iT0/1GsovGltEimKZjjJG7HMKfKrn2mauNZ461K4YqFMrLkeT7t3Koe9hSOwKmMOHXcR1AX2965j0G6jRRLqVb0XMOdxAyfb/UKi7mRYrezQgFMdCcgGuhlW01rbu/hTqYwT1x5U11aM2l6ttKcK/ijU+/StIHLLs56tfNLYjLBWWVT9cDBqMslBuN0ThivMr6r6Uep7lY20iseuPuM0309RHOJU5Njd9fatIpozfbstdzo8NxpMl5BiQQnZIAOYo9GvHWx/LpI21MYyee3yNLtNWNpGL+I/8ALXv8OZPINjOaiba7FpdhWTEch2/b0oWtjq9vhHMDhu7ztkjPPa36h71s/ZFxGIhHprTsHGHgyeTKflPvWG6mxErRS8mwU3jqT5GtF7M1/MW4SMt30IDxup5g+tcfLgnj7PQ8dlcMqUT1bo2rJeIiTSlZD0U1ftHvExHHIGyPg9BWKaVefmLay1SPowKv6o4OGBrT9KvJ5LVXaMqP1DnivmcqS9H2eN7q2W95N7ySK+5N+AAAOVQusRxSBlYBcdGojescIrgnz3U3mDz7g+cHoCaiDZE0irXNnG8oCoTj151KRabFDp73N2+2ONDI5OPCB9Ke2+lNJN8pJPJc88fWuHaHH+Q4XltwywC9lSzJD+LLHmT7YBrSK2kkik3rHZHmHje9bUpbzWrzk91yiYqcopbwj/7OdZm1i0me6VhkEfvWk9oM4nnt7JGKI4NwwOM7TyUY/wC3l9KrccMcKGSVQEC5Jr3Mc6So+dzR2k79lSubdo1mgh5uy4Y+fI5qu3RlmnitIGOyEbSMcix61Y57rPf3RAjyHbI6e1QlmjflzN3fi3Esc8+dd8PxPJzpRl0Nrt9iiL4nMmzcOlR15MTMtrbAlx1PlTyRlErSE+FR4V8yc4qHE0jM0kfIswAI6862RzSdj9JRp69whzM+RIT+s0i63FIoIVbaxCBvNvWkzx91L3GS8mQNx/V507sIS92GZj3VshAHkD5mpFDjV7iGwsFghPjuMdOWceRqtypILKME7mdy3P386XqV3Je3ILAsFbAHpSZXy6xg/CMCoj0Zzbs4bTtzzpUHjHvRq4dOVEfCVK8s1azI6EEZz9q5K2VPoOtdt5lxyAxRFGTdGAMN1pYO1uwOEJ5MMU501ngnEYbGKYQyBXXwt4fipzPm3uVmBODUF4tI0DT7jvYg+7J86foxqs6FeYkByCH6Z6VZoxkblUsParwbEkmKPPrRbRR0K3s530FtFHHyoUQYDpQEjaPs6VZtNn+lVKBiOlWDT5AOhoC+aVL8HOrnpU/wcxWe6VP8HMVc9InB2ZNVouuzR9Hn+DmKuulS/BzrO9HnHg51ddKn+DmKoWLxYSn2qV31XdOuMrnlUv31Aem1YnrSqQOXSj3GqFQvmxR7jReeaFALoUncaG40Aqk7jQ3GioA9xobjRUKAXSdxobjSAzE8gMUAquM7Awuv6h/Oum5/0L/91Nny8gjMirtJPQnpQmiCuVjurS8CuoePcmDyySMEfXnXkfj65l03gq51Da7v+ae2lB5ZlB5E+mMCvYttb29tdyxRRgh5mmYdSQRnqa8h9td3BacL8ScMThfztrrU+zn1SVUKP7+dZZFR0cf3R4f4iZptduG3F2muCGI58z5iua30kFnJtLb+72qDzGfShrTsNRnNwASjkcuXiBx5VB3V8whnUtz3qw+/WudKzukypazJ/Fk25yGEkZ88Cj1aZtRsrC+3BpecOf8AUnMfypOsMFkLqAducZ9qiYJHFt3G4jZJ3wB8hWsF1ZzNpOjtqE5lnVmVtwXJ/bFc7VdrOuCWRG+nKg7vPMWyMkAYH86e6dEAe8dc43An2rYzXZJaK8TWU8cy5QKZdvvjAqNu8EkBjhTvDf6ac6WzRXFxAQMHBGfQeVMrstDuR1OGXw/eqFx3q38S0SQddinPuOtWvsl1YwcSrAZdu+MbR55JwaqNxIx04KEORu5npR8LXxsNfsrvO3cVBPpzzWWWO0GmbYJaZUz13wvdKt/daVNHtiuUS6jA67gxSTl9cGtT4Ougm60N0oVOgYZrGeGLtpta0iTIIljkBB64Kg4z9Rmr9Z3c1hq4A3Ksh549K+ZzQp0fbcaTcLNZfTYrhAo/LI7dWGdtGNItY1RppIyPXBqHs9Vgwis8jD0LHFTEN08oHeKNnkK5U9fZtJWPe6WygIiuoEyMKY0wf6VnHaxfQRzaFpPeMDMJrt1bBJAxEueXrIT9hWkq8blYhzHsSKxjtmvu74niEQRXgsBFEPmLlnb+u39hXRgW0ujmzNqFP9mD8VTLq3EV/qSIFQs8cB9Y1OBioTW49ulmHcA8oAGPlzVg4gCWl8LQLkxKgBPrnNRc9k+p3ghjTC28as2fmYdc160H9UeZlh3f9mc6ltjaSPcscedhA5jGM1Fxzx26kFRtVGb6gVKa/EIO/wAAKTPsx6DBH+1V4TDayBSwIIB9jXpQf1o8Hk9ToYXFxK8YkROpBB8uuTQs4k/PKcjbBGZGHluH+1c5HY20CKdq+LOac20Sxx3ZbG0HYW88HrW5x7IO3dFQXUmS0jFUz6H5jXWWZILd1ViGcMx+o6U1Vu+VI4wCM8h+kfWmc8z3E20YA6fapL2N9vLdubOc0kscAL9zSyw390OtcxgMRnrSjGTsUpOMYA+ldFi73ODt7v1rmHApavnOTnPX3pRmAMpk2KrYrrtZznO361ylLBhJH086ON2QbpSCD0pRNCihw0hcKPenB/j2g3dRXNisgIMZIPlS4GA/h+VCCQ0mZogEJ6dBV1srpSN0Mh5dVNUKFgsxOeR+GrbpVrd3Nmt3BEzIRzZOZB9xUxdF12TakOpYfYedDxelcLeQOAkjBWX5h83tj1pyGGMnIA68if51rsik0gqPP+kUNoPSiwa0szao7RsRUtZTEdKh0Ip9aygdDQgummT42YxVx0mcDZzrPdNuB4OdW3Srn4OdRZeBpej3Pwc6vGlXI5cxyrMdHuhgc+Yq8aVdD1FZljQdNn8HWpoSggHPWqrpdzuGM1NLcHaOnSgPXGRRbjSdoo6oVFUKLcaOgD8PrSdxoqFAHuNDcaKhQB7jR5FJotooBeRSYSRFk4rmzIvR930FAAtCFBweWSzAAetCUmwri4eAAmVcHoCOf7VHxTXDSzStIIoQSN4UknPpXG9uIrSZWSVZ5C2GduePpiqpq9zqmpXbabaTOtxLIWjYO21QPM4NCSz6rqNjoyw3Lu7ptAcJ+noTXjX8UC6Np3HA4qjuJhZarFLHJCsZwJ4wojbPvuOfoOlerhwvGO7/AMUumlYZ3KxO3BOcfSvOP4qNBu7vg/W+4IaW2JljwMd2AoOf3UVTL2b4OpHgTXbwT67eiRNmZncDyyG6fSq9qDsluS6ciCNw9qez3j3eoi8lXujOz5C9Ms3Prmoi/lZIXtJGJC7sffH/AK1hFNHXJkJqrExOR12k/vUXZSNkq2G3L51JXzA27svi6Dl6Gou15Tqg6EYrWC6o55e7OtlBK10zK42yCQgHqMDPKpqzuEggljaPcCCA31poI415qMGJHXI68xihdS7LRthKjOFA8zVrKxTRJCFo9XMeOTW5cH9QHnUVqjzPPGowQdo+gFTtvM1wkk6R8whhiJ6gHqPpUFdhhMZAeUS7AD1LHpUUXOs8ge22Bjt58h703jdBcxOFYOzhwv6FHmabvdbU2KQffyrpaM9xexwp/mSeBm/2+lVmWg6meoeynUI9RuNPtpsgxws2W6cxjlWsXMbw3KNIQzKTGSOmfKsk7BbSK7ma3ncEGMRRNjJUDqfrW7appJt7k2zISoZSjD5/evmeYqy9H2vAt4k2P9Nk5ITCCPc1M294GJ8bfReeKY2mkyRwIyID7HOad2lq2/bKMD1CkV502elqmSqTSMySEZG7GfKsQ7RFlvu0mYd4JHgKKqnmvQE4+lb1p9vnu/DkMc7DWL3elPqPaVxVcojEWaokefInAJ/YV0cVtNs5M8LSj/pjvFELScQbQvgTxk+oHSnOh2e2w1DU7rakce5mbyP09KkeKY4W1F5oSN87kAt4WCjzx6VU+1PW/wDh3hH/AAixYxy36gSgNz2D/evTxNy1ivZ5udxw3kf6Mme+j1i11XkzSh++Q/6fFValk7o7A5Vk64+b6U90K77q9mXIxNBt+/Pl/Oo3Uo8uSCcqQVPqvnj3r3Iwo+VnPf7HLendkNk7ScfQ1L25t2064VtpdgH7sfESPeoSE7WCMAVkGATTvRbiKKQ20qg7jsDH0rQ5RBZu6CxYjixkj1Hv55po38P+EeuMZrrKwMjQkN3i8yx6r9a5MGADPjJ6UNNkN3PdsrDmT60j5s0cjF2A9KC7SnWrGYVdIwT0pHdyj4kHPpzrvArI2GAo+ioSyKoJyCT5GucgYtnJ2t0HpTwRxBDM6DkOYHrXKRRnvE8Q9PSoss+gonYDduOK6x8n5VyVefh/Y10JClSPOoKDjdyU55Gr/wBl2p9zcyWZJ3M28EdCvvWeDBjAB6VL8Mag1jqMUquVC8iB1xQ0gejm7Ip+MmS54YhMF3t7yVFTKsPb0Neg+FPwjdk/EfB1jFLdarp+t3MRZZ+9DMGAz4o8bR9M596R+Ep7TVeHBNYG3e43FpROGyfRetbSlpqmhawbEae0k9uhknsol3CeFiFyuPY5wOfvV6LSjfo8IdsnYJxd2NTQy6xcWl9pt3K0dve2p8LEHowPwnHuc1m3iGBt5nn1xy+9fV/VeCeEu0fh250fiGxt9S0ueMKtpNHseOVQQGBBBBGPLFeBfxBfh/1TssvP8e0ZHuuF76ZhayMDvt3HyPkcvr51qc8zFgCKcwYHma47jQjYirFCf0+bGzBq16Zc42YNUezlC4yelWHT7rGMEcqii0XRo2k3YBzuq76ReZ28xzrLtKux+qrno9705HlTovZq2lXK+HxdanVuBtH0qjaRfA4yw5VY1uTtHPyqlA9vUKFGqg9azKhUe40Noom5dKE0ChQbl0pO40IBuNKpFHuNAKoUnxe1cL/ULXTYu9u32A9POhNB3tyLbCrJGC5wpZtozUDdXLm2lt7ZZLtnyuc8gT6VxfVY9U1EII3aGKYAkgYyae29+wjeOyt42kYMEU+HmOhzU0XiqIq00q5t5mkvJxGjeNgwzge1SfD2g/lIJbveZJrlmdT/AKCeS/tUZLPqscDvqskQllfbtjJIX251dIYkt7ZVPhWPHNvYYqCpFX8cPexF5eSjxNjzry3+LbUIdL4I4ov7iYxtewW8VrGCAcOXGRz6/wAM16Z1aS5ulk7tXWA5bd64Pl9q+fX4/uOLKbiROHLORP8AlbRFMYGQzFiTn3APL6mqTN8Hcujx9LIJdsaOc+OWNm6cuYprqXJt0i+J0UsR6+3702juSIUlOCkcjxH7jFPNVmU2dtIqhgHCs30NZWdEnZWLiRo94TGMKMU0tNpugeZUelO71CZGVPEDjHl0rlDGIQqgYY+flWkXRlJWPU2yMiqT42BP0FFfsi3UcQ5pGDK/+wrqIjBarMSoCnYPVqYNIDMzOcZxuz7eVErDaRMTXhtoEkQgK6qFHnuPU4qK1O7Bt41QDvc5cj1rncXm6V7psAL4Fz5e/wBaaxO0kkneAAyg4z5HyqwTTGy7ycnp6eVWDRrUL3TqCG+Zm/qKiLdGnfai+HdjJrQOG9EefCNGzBWAx9RmscslFWzp4uF5JHoz8Puj3Ahtbi3i2I7Dc/L4fPzrfdZWGe6SKIgMgA5DkPTBrLuyW3tdIsrZNio4jw2Vzjd0rWreKS5kjvpATnbhkHhOPUV8xnbc9mfY8aLUEkWvSuHxPZxsyKvhySWGa4X2mizbbM6ge2Kk7bXI4bXuEYAAYLMtQmpX6XrDY4JJ5ZB6VxZ3Fejtwxf8hxpaKQzJ08mblisTt9RVuIuNr6BzsfVfyaHbzbu1O4j25itiYzLaiNuW3PI+fpXnyzzbS8UPI5VoL+4uCCSQucAZ+ozW/GTdmeZNSTKXqRjutav747TDaKVBbmdueY+uK869oHEkuvazeXBY9zGdqDJwBWscda6NN4SeeNmSe+mc5z1ycV58vpXYMGcncc/WvoeBhtbs+V8tyHJ6L9i9OnMbruIBJyp86dXC94jwj/psWRvTPl9KijgKjlwCD0HpTz8wJW35IBHiA6Zr0jwdvrRy7phGD1I6YpK7TJkEjlv+hrvPm2TvGUhX+Ag8vvXCVFD7lYkYxyoVOl0ryu2SASeZHVh701mZ5VRejK2CBS5iy3DRNJzjGNw6GkMyxklCGJOc+dAcMFTmkJjOzninEqnmSMDbkYo44DgOwGT0AqbLas5rbsWwc9fXyp9axl8YGXzzHsK4gMCGUZye7A881NCzTTbeOViWnkRzID/0waSdl9CKkjZAyv8AA5zXNsCTYhx9OlO76GSFYoZBtwPib1+lMW2wtsY7v9QqDPJ0Jddg3Enb7UA2/HtRyKwJIwfQGiDmQABQD5kdKGZ3hxtxnnXawkEN1FP8WGwabw473bny/nQjBSQOOQ3ZIHlQ0i6PX/4bu0Y8IXj3kZkMIAZ4Rz6envXsPifW7ji+w0Di7haa5/JXELg3unN/GtrjAKFh9sEdMV84OyzWpLW4gYt4A3gYcse30r3z+HjXpLaOPh5BHLouqFjNEoO+GRhhiD5A1onZobHwJrmocYadHLdXllJqlkCZljhVYycnDgA7icHnnGKdca9lOk8eWV/pPFhuZoNRtVhlhR8Rb1PhYDBIIHnmq/qHCD8B2VjqFvxJPb3Qk2O88ih7nJyEYqoz9T981onCXEZ1+NZPzKK5bMsOclBjy9TWhlJJnyy7buxTiDsY4lfSr6Q3enTEmzvghVZVHPBHkwGPrWcDl0r6u/iE7IbXtL4avuHodNtpi9s9x+aLZlt7lVBjZQehyMGvl7xlwfrXAfEl9wrxFbrDfWEnduEbcrDHxKfMZq1mOrIqOQjoamLKfDYBqBHKn1tOynPKhUuumXmGwCKuOk37D56zXT7gA5DVa9MvgvRhUUXNW0e+Hh8Q51aFvDtH8QdKzLR9Q6eIcqtC6kNo5npUFrPo9uNLDEdK47jS1YnrWJUXuNEefWk7jQ3GhawyQetc9xoqFCoe40vaa50l5QhyxO0Hn9KA4X+ox2LRwKDNcTEhIl5E4H96gNSvFui1tqbQx4YArGCxHr51HaDr8Wt8U6xdbwE09ltohnO3CBt31JP2FNry4t9Ne6eEG4upgHCsOYLeQou1Zpq7occRcZaDwNYKkisx5AJBHuklI/SDnJppYavxZxDDa30ccGgWO8F4ZU33bRnyAzhfvmo4cOzabptxxDfwDVNVRjJDbIciI+QBPnTDg6z431+4jv8AXZ4LS2iZpUtCxYnd1UgHmB5f71Fs3UUy+HTo5ZYhEZ5T+YGwyPuIYnFWm43zzGAnMSEhiOmfIVErL/zVsIoZI4oZFLSYGM5z604uNV2wGJIGizKS24ZJI8xzo2kc67dEDx5rj6Lo2o3o/hCCBnDnmFXb5Aefl9a+Un4suJ7PVO0a7isnjmjsoY4ppl6PM2GfGT8oKr9c17p/Ej2tWPCPD2pXT3SXEsf8CC2D85J25YK+YX4mr5XcWarLqV7Nd3ExlkldpGYnqzHLH7n+gqsuzeK0RHWzbbC6DHIDs3/rUlbSJLokkbDO2UOB7Y51CWkp7p3OMMMbT5561K2Em227gABngbIPqTyqNUXU0yJuhbvMTPcFQmcADm2KVptpNfXKlU2pvIOeYUD1rmyK965BJYkrGo6kn0q6Gzj4f0aK3CZnnRmY+ZJ/pUEpWVvV1iRVGdu0YjQ+XufeoWOF+ZuBhV98k08vRNqE8iANnzb9NInW3VhHCF/hY7xj8I9frVoGUyPmSSaUFkxGW5Z9fpXQIY33TxMHBBxkEcqJ5sbjGS2G3CRuufpXWWIxDcVOQoJ+4yKkmCH1lEhuo40KgSHf/pxW99mXD66hcSxFGBKpLzTpywawfhsRXVwsZG0qFxn1Pl9K9cdh2iC6vrJmC4nge3JyfG6jcP5A/wAq4OU3GPZ7PjlbsuPBGj3DXrQ97MiFBtORyx08q1qGCW3hCTFy4PLPIY+1R+g6JFaX12gIfaVUqvMgewq0RWiGRgzu6qMHdj+1fOZrl6PrME1GNMjwLtyglc7W6AU4t4DLKGBOEGF2+dPnsxGnjJGOmeddLS3iWJP46qOXMD1rl1Zssq/Y3cpvQthgmOvnivNt1ayiLiyTc+bi9kjkVBggLk8yfqf2FenpIIvzKsqBlTz6A/WsG4ht2tJuMJbidFtDKb4gYG4bQCB6cpl/au3iJ7OJy559Jnk7tvvxHdWOixkbrO2UyBT8zHNZBeMSVA6jrVk461H/ABTiGa5eQO0kneEgn9vpVZmI74+9fV8eGuOkfCc3I55ZMDJtYDAOE5Zo4pGVSgAAJz4qSSS/XyxRReL4uf1rQ47O+Wkh2NHvHkOfKi7tw24Nj28q528jhtisVPvXUl/IihK7CSOR23LGG2/Fnmp/pXRIA4BjhJPnggUhJyqjLHd6HmD+9EGByWY5PlmgHMyKqKHUwjGBtXNNoZIwGLOcfCDjnmjW4d0cCLKr+onNK74rtDiPdjkqn+dDUfaVCsUyzzMm5OYVvmNPd6zs9zOHVoz3j5+EBRkr75qKhIYjeSzb/wDtI+mac3l6bqMxuRBagggH5uWKFnJIjZbq6vrtp5G3NIc5PRKEkO+PeCQw6pSZLiEIIYAd/wA7etGj7Sksh6/EB1oY/kH3TBVbO4DqRXGDcJSgHJ+gPSnrx4z3BLI/RRTcR7nEW4IXHgY9M0KUwKjIrr84bI+ldTuMXeEeAjBI8q7vbyPB+YAHw+XpQtYi0ZjI5E42npQ01ZauDtUW1hCXLnukbf4fERXsb8OXbFNwZJbi9U3mmucrPtBKfUda8R6GVSfu+eJfJeWK2Lsu164srmXTpmKRod2M/LUwZc+o+ia3wjxzDJql3q8F1A9ojPDN8FsR54I3D9jTaHQrjSJ4J+HNbBRZAxJ2tsjPnyx/OvM3ZhqEgsb/AFjRr2ZNZuLZHsp0Zjkr0QjBBB9xXqrhm74hueE7S+4mt/yV2UKN+WXLMg6ZTmftmtrM2qVi7rUNYsNOn1zVtUtikhxFFAcqylsAndk7se/2ryR+N/gvSdRttJ4+4aAlaFfyd33YHIEZBPLJNewLWXTeLdF8NqhtJg0RLpsIx84A6c/LNZn2t6BpsfDUnCujaRHOZY2xNJh0Q4wN2TnNLKLs+ZWOQOfqPSlI9WLjvh//AAfU5Z44xHGz9yyZxscdR/aqwOVXTsyaomLOfb1NWHT7kD5qp8MxqZsZwOrUJs0TSbwL81WBdSG0eJunrWfade7ejCp5dQ8I8flUUSfWbcaUGI6Uij3GsALyKGRXOiyKAVuNKw1c8ijyaAWFbzxTe+IMEihcnbzI9K7MfUmq3x3rw4d4V1XWEYsbS2ZinnyUn/ahKVujz5wl2naB2X8Xca6bxZcxWz/m1vrUZZu/SZdpCjzIZRn2qW0DtOj7R+LF03R45mgsz3jzwkbVyMoj+9eOfxxa/wD8M9oOiXOlak/5m80SG7mkViQTI78gPLpmr1+Djtx03TdF1CwvLaO1hnl3oSF3yNjAJY9R7dayi2mdiSa/091CCT4JGSSSRDKXQ7SSDjJHn9aaWVjdaULcu6SajcykeKQBFB6AHFYZc8XavJJY6lqerTMNYkaKHEo3WluGBZTt5Y58iStXyTjuwt7K5Gpm71NEdZLZLWIMAF6BGzzJ86nZEzxOBrzSR2KxrczbEDrviSPcR9apHaN2hW2hw3RsYhPedyXmlCfw7OLzdycYPtWVcVdvdlpVssrXP+F25KHuZZleR/XfIrEJ+zV5E7ffxaahxZHfcK8LRC302UsJp0uHJkYdDk4zn3zUSkmZrHq7ZV/xH9r0vGHEM9lDuiFtI6IM5yvm5P6mHI/yxXnfVrhJZBGjFMD+dOLvUJWZpppWdnOQSc5PqfWoh3Mk3ePgnOauTJ2PpWCQRxj4ueSPepLS5Gn1EbsEAAY9gMVCrIe5wwyc9fap/he2/M3itvGwnxMOe1f71VtIiCJjQNPtrPvuJb+EHY3dWcR+dz0OPSmfEeoPPKwebvbyVsNjlsqVvri2tbJtYuJMwQjurCAj4z/8wCqtbMzq+q30aHkXZi3xHy+tErNZdehEkd1FtCjBlxzPQ+uRTG8eFB3UeOh5H1NdYZ57y6E9y5Y4LYPyAj+9DuInumdk5b/AB/vUx6MmtvQnTreO4tpQikyKDzPXPlUvc2KmyFz8QkhjckdBgbTTHRJRbXUyOmd5Lnl5D0p7cXAtZLiwG4RkFkDfofxD+dSWgMNFV4bnb0JdcV7T7JIZbDhi0vkIWSFkuAx5kbWzhceo5H2JrxzpcHfajbBgQHdele5OyvT8aHBG0eIO63DPIg4xjn5V5HPyax7Pf8XDZ0jUbe7hW+iuoTiO4CyBwcBgRy5/WrVE6KcJtOQvM+p61kttcTaSz6XcztIkDs9rgcymBmP6qTy9qu+j6i91YBt2XPM4+U+9eJNo+ijBonpJjONgwh9qEN/JbgQPFE2McypHT70zglcttfB9/OhNKMbouR9+dZbltWShkiePfM38PH3zXlT8Rmry6FeTTQuyWerWZjIB5blO1gffAX7gV6GvNTKB0kUkJ4sIeWT0FeUvxcalHbW+naOWc7h+YLE8/ESD/Su3hycstI5OdFQwykeUNSmWTUJJVAA8sUwkBaXPlTiaM5zmudx4n29B7V9Suo0j4PI25NsOFBIxyTnbkYou77oJ4hk9c0q3JSVC6HGMcqnLrhe8k02TWLaMtbQ7A77TgMxxipJUbVkKtpcTFwkTM0aBnK88csk49K5xs2GOCceVTserRQazb6tBGrxXMXd3KAYwCMGrm3Y9rmu8LvxnwtAbq3gIW6hQZePPngeVCkejMu7jlHgbb/3VzaGUtnuyfoadzW8sEjQXNsySqcFCNp8/I/ait7E3LFIVm3eR6CgpnORpmC7IwpPXngGhFHKo3LgO3w4GSKmrbRbcQyTXsm8xDkjHAJrp3mmaYV/LbZWYAl88hn0FRZtqyGdWTKIpkkJzubn9+flTa6aUqsoHNemfKp0aTfzILgqTkZCbflPQZphq0UVrH3LvmQLk7elLKzXVkYm3erbRl/LyroEMuSc7g2DRRkFYZwvw9ae28CrLsbOZH/2zUlIIPTJY1b8vLkE9COtOtX0loYBkDZJ40cdBnoKNNOV5g2CJECsuOjA9asugCK/sX0+9RWMcw2hvlU+tRZpqiC0BVu7Yq55r/DYe2P70uXTZLUBWU7d24sPXn/6Vxt4W0PiN7KUsYnfw+ROeY5fWrVcyQXlmRGhDRR94wHQjl/apIvuivxxfkr9egzjHtnpWjaRbrOrXtqAk8Y/ipnPh9vWs31eVUvpGXcQUBU+WVq1cH6wbOaC5BLLGRuH6l8wfaoj0DfOzvtN1Lh3Rob3THitbtH7q1kli7wcvm2kjdj2xXt7Q+1k6fYPazR9/NBoEWojPJpZmGWzzz0wQBXg/TOE7DU0h1+1hk/w6FW760jJ8IPVlxzx7DnXpvhbVezbiOys2TU7jTdSjgjtGna2llimTaEClxyHIdc49q2EoJxo36G7sZ9Ei4o4dWznsLk757ZnbaWI9OgbPljrWbDjTSNV4k26tp404zs0EVpIjLNLKTyyrDPTGMD6Zpz+cn7NuGrrR9fvbctFKtxAbdmLSQrz3mMDwDOfMn3rzNxH22pq3FEmpaDaQwJPdGRnithEzsABzbmccueMUMowaD/ENwXZpcLf2F7HdS6n3olgRVbu2Xksg2jlk15hmBikMZBBU4IPrW3cT67q2pat+bZ98RToH8IcYHX2zWWcZ2a2+rC4iQd3dKJgAeh8xV49FJxZCxsBT2CbHQ1GjlXeNsedWMiy2V2R0IqZW78I8XlVStZsdDUgLwgY3DlQtZ9o6DculJ3GjJB61zkivD61y2ii3Gl+H1oAbB6mhuNHkVz3GgFN4jz6e1UbtOmik4K1qC5j72OSznXb0LeAgD6nPKrtvOMYFQHF2jDX+HdQ0+J17ySFxGWHMMF8NH0Xh+VnxE7YNZ4g1njGX/iG+muJ7VRbKZTkiNCdo/wDMalOAjqrJbW/DWstFfsRPBCxHdk+YAIPi/l7VM/iL4Q1DTuLrzWXiWH8zIVuYQDutpsYKHI5A+R51n3DGpQwTQNLM8ZgIaN4jtlRh5j3rNKzpX1n36NxuuPO23gZ4r6/03VLa3icIbpbEyWA5AHa+DEucdAVFcbvt/wC1a8laW24hSLvDgNHGoXI9F54qX038WfEVtw4nDGqWttcwuV3al3OXkx5sucEn6VQ9X4h4V1C9lviyM7MzHbFgc/QVnZ0qmQXFPEvEes3DPr3EDX0vzJvGwewAwAfoKpF60s3NEXYo5tt/nirNrd/p94WfT7VRGvRmwoJ9T51ATLLKxlYKu305Z/elmEnZET5xhh06U3WFjJk/DT+VBPP3ag4PTHWnP5SMRmOMsxzybGBitilDPZGUUuDkjGBVq4Q05J4n7+UQQFjJK+MbUHlUDGYkw0oBCjoOuatl/N/hHDcWkxALdX2J5f8ASnyr9/P/AGqkk2WiqVkVeTNxFqrGOVbaxswVHe+FUQeX1pjq2pRXGmAoiJDGzLbqF+RfM+prjqk6W+jx6dFuMsxLykrksx8qj7iRbu8S2Qf8vZxCLK/M2Of86tHopKTbo6aMkj5BXc7Hnnz55xU3b6LJFLtm5OFEpJ9MeX3qW7PuFJ9V1dLSIBpQpeRf0AZz/tVr4w0i3tdCsJ4CBPay3FpcuwxvBIZSP/Af3pZeKaMy1YCBYZIY9rEFmx7np9MVH3V1Jc3MMjHJ7sJ9cDArpq90zTHLHcowF+2Ka2cfeNFI4IAJOPP2pZWDqWpeOCtMl1DiDTrKOPJJBPL0r3rwRo3+G6JDb8yQMY6nFeWPwzcGXHEnFB1GRCLeLG1mGete6rHQVgt0SGPJUdehzXz3kJbS1R9h4zF8cdkU+90STWLIxg/lbkN3sMhHSQEEA+3LH0ploUsizKjmSFpGZJYwfglX4kP9fpWjWWlxyRZyrYUY9iKrHEujtYXZ1G1Pdi4de8PpIOhP1HhNeeoN+z1d0S0dod2Wc49qbXGyNCxMqjyyldNJvYru3UyuySfMCOVO7ju5nSKR/Pruzy+lV0I+RkHHZqYyjxhCoaQs3PGPWvGv4xrmaLijTYnXn3CkN9yf2517eeOSS4VEVQrKxdfNx6CvFP42rKYcZaFegMIZ7Ax7fLeGwP5V3cBJZ0jz/LS/8Z0eYpNxRWJ60hgXxkfWnc8QFijrnIcqwPtXNVU5Y5wa+lXas+HmmnRJ6foFxqVu82niWfuVySq7h9z5Vr3ZFc2HF3D+qcCSvFa391b7LVJRlXuFORn0NWP8JEui6lHrPCOq6VFeNqO3vAJQsu31XK/0odqn4a+M+D9Um4n4PNzPEN0zSBdsqD3Vf6gn6Us1j0qMl477N9R4ccavBBNNZuoe4VIirwEtjmvpnlnyqd7FO0bX+AL1tQ0+eee3imjWWGORWEijmd0bDDDFPtP4+NxoWp8M8e2crpOjGG7VNzQyHm4PLJBPPBPWs2k022tptlrOTscoJVcruTyOOufKlojU0nty1LgrjPTo+MdCgGl629zJNe2ZQouxgCgQkeLbjnWVtpDxxx3KSOY3RHVgeXMeY+tWy5tr/VrZoH1Zb2NQRGsyENzGCQTzqqHTr21uWsJIpUYeJRIrLhc5xSzTQKF79I5raOEMGbOHORinVjEO+NzdSKfAygEDHPpT3/BbiOZFAZmdeW3nUbqVpPb34sWBVkYbh7iq33RJJz6/Jd2sdjZ3Ead2fERnJ9hyqv6nCpkIIyyxBs+vLn/OnujxKs8n8MZJwvM8jnHrXW/sO8iZ1Yh4W2sCOuTn9qFGtlSIKzRZGMCjnjkPeppbaOZYZg23Z4zy+39Ki1i/w/VUaXO0vkAenrV4se4jkht7hUOTuXlyII5D6Vczh7oaXViYFMyjPdYbI8h5030u6iheQuzB5V645HFSup3EFpdxqd21yY2TPLafP61XmuJTJJEzKvdyPKvL5fMVWjR9HbiWeK8RJAoMkJ3h/mIznma5aXqb7zHIwUSLtYn0ppczpKG3HaWdQv0Of/So6KYnEmeQHQ+tWMrW1ji6uxJEsu8gq2ArfXFTHDVyRtiD4Ugj96q9xIptn3fGr8v/ALqkdAvBGE586C+2j2N+GjiaBJDo+oLHIu9mRpHAC4+v+9adxh2aW3BF4nGPDM1xa2V1MJZLaOSOLxhgcoH6dfhOa8jcBa7daTdlLNwks0bCNjzVWPrXtnsDvNW17R7mPjHSbW4u5AUt3iQOBFtXBKc8NkHn51qOzFu07tK7Uu0/WpLNZr7S7G2UxyWZfDyxhjnvWHNjz6CozQ+Arq2jtpr6KYtcKWjjjUliD83tWwdr0mmcI6otsmkA2HdmMwMu1CDzIXzDZ86rXDiaNxC35xNfv7Y3FsJoyj8nj+YIT5D/ALaDdHDVeD2s9BnuljtEtraIxxQSSKsrOWDM+3r0FZNxnpFrJw7Lc/kik1rJmNhzDqTz5/SvXXE47OtC7O5tZ0LuNwtpEcBVaSUnw+JmBIOPMYryN+fuJtKvrO4nyhhk2oRkclq1lZOzMKUGA86TRbRVznodRTFOmKc9771Howrtu96EH3B8PrXOhRbjXOXFeH1oqTR7jQA3GgzEdKKgefWgEs4A96a6lO1vpV1dsclYGKheuQvKnbAE5AphrUZTTLpk8X8NtqjqSBgUl2Xj0fKD8ZXFFpr3FU6o7b+5RywONwKKdrY6kEt1515os7W5mlZraCRlAy4UeIe+OtbB+IzTr2bj7VplYyQNN38Q/wBBHJfYjofesnsNS1HQNSj1bTZXjnU5UlNwI9CD5VSHujok6djq3ltkCi4leOXb8JXmB/safQwaYWVjNKMeQ86uNzxZ2d8V2MMGscJpp1yIVV5IH2kv8zBumPqDWfXulNDK5sO9lhy2zc2CVHqelVpFmv6JFZLJFcxhVx0J5g/amEpe5kKsSVPmR/tXK2lkRu8m0ydz65pw0l/escILaMthQy8/3qdUAW8EVsoDIzSHow55+ldrhjb2/ikLOpEYBxzPnT63sl0e3MzTF5x1dl+H6VWL2/Z5VbI8yB7mpXYfR10uBtQ1iGLJ2r4nNPNf1KWe7kuA5HeNtTPPw+VMtGuRaW9zP0dsRIfPnTa4ue9u40iAXHkakpb1HF0IlurJZNxJYNnPr50uCJITdXMaHMsh7o+Yy1HfxIDazEnahC588A4qUtoliubSyZAy3DDz+BSc0IruzUOxm4tdM4knvLlWJvLeS2LBDhSRkEn7U37R5rzTbKKzZVW3lmMibm3OAF2nP2UeVWngHiTRNH0/8tdNAyyyKz74/EFAxyOayztT4z/4l1KHuZ0ItxIu9BjcCxAJ8s4NUNrRR9QEM7TSRk70cjcemPKtd7F/w7cZ9q2havqei2pK2MBlR26Suq7ti+5FZXoOmyX94lu2W7w4K+pHSvsJ+Frs4sOB+yjh6BoUWa623UuwZ8TJgffFTTKRm8f2MS/DpwBpnCHCNrKu2SWeNJCSNpxjp9QeVbTAyFyrhiG5/eqtrmiXvZ/2lahwnOoi0/W1/wAT0dsYCpn+LDnmMqfEBjoR1qYFxOI1A7vajZLd5zA9+VfM8lOOVqR9lw8kcmJOJJQLFFE3dwYAOaaajYQXun3EO3vO+UKM8iHHQ/vzp3BLK1suSnh9utc72ZUzF6cyPMGsG0joba9lM0tXt5RBcS/wplYlWXO1l5EfvUgj3Mdw5MqnZySZVGSKa6krQXBEcoG7Dbl8R3n4uXoev1rtDcC3UGVVLqMEjpVbRou/QudWhh/MR7mlhJcD2PlXmL8Z2h/n+FdI4ogQlbG7VJfVEf1+9ek7i9Y7hC3Mnz86qHHfCcHF3DGp6FfooW9haJcjwiTyb96YM3x5VJlc+H5cTTPmtqVubeWWA52tIZU+hqOUePC5xWtt2V6jPfarwdqkdxYcUaSiy2tlOm030PPc0ZI55A3J+qs1aze1uWjmidNjbXVlIZD6HlX10JJxo+HzQ+1j/hPiDU+H9VtdW07UZrO5gkBSVHIZcV7/AOw3tb4w424ft7We90rWiQRLDjZKmf8ASB/IDFfP1bKOMrO6d5HIcgr0X61duDb6+0e9jv8AT9RkV080cxSr9G/vQoe7uMuw6w48t57uLgW4Wa4BLyQC3WMP5HMbEf8Alrzl2lfhm4w4ZijvL/RJ7cJNsjkdEPPaSiEqceLkM4q08GfjE17hyL8vrN3BdsqARzyIe8Qj9QGAan+J/wAZWka/o7xahJBeTwtHPFHbq/dyMrbgHZyeRxg4AOOhFRqi6tnmHhvWL/hHWjFdWZtu6cxypLEN0LA45gjkPete0nsdse1S2u9Vs7MwSlWKETbsEZwevNeVM4zp3btxathoOmw2k1wxMXIFxk5IY5IKfU596lNI17irsC4lbTdajuEs437pnt5RIjDJ5IRkHkemfvTZF6LLrX4Sbng/hNOKxB30NjsuJQqlmZd3iKkZG3b0zjnXk7iVbbU+OdSaBZFiWSRhhflXdz+nIfWvfEf4itE7TOCbjhSy1CaMG2eOS3aVLVGjCYy7/N/2qCfevFGpcMjTrrUO6mW5uBtt0aPOCWk2JGn0981H7srTKrc6YdK0/T75EeRLjEm5vDg7if6Cn96kcMrX875tbkKmQPMef161ceKrW0j4NurU2svfWMiQjK7VURx8zz9STmsu0/VXvdObTJp3PdSb0BxzHP8AvVv1ZRPX2THFui2kdsZbdl3DEltJjlInmDUIurJPp9uo3C5tD3ZXzK5znPrXa71i5udNayMgIUkoD5A+X0qsPcNkSKdoLYYetWXZlLqXRN6lqr38XfYdZE6t5N9Ki4b0tdRNO2RghvcGuS3Mi4j35QdAfKm9wcNvHw1NFZSsdrKZ59jnOGAH2x/agJA1w0aAeCTmPLFc7HZhWYnIJJP9KFgA0zM2ckch5lvehURMDKZcDAyT+xzXXSCBMiHkW6UmUgQSuORLED70elqGkzzyKF6e1mj6RKY1V4JGygHXqcV6Y7Cu0LX+GZri8t7SW9tL9EikmckiIrnaWAOVC5515j4diXcrsxAj65OQa13gnU9T0G8jl0y/msobg7C8ajCN57gcgg+4rROydldGlfiPvGWfTp5dVM97PLJIQJPCqDmOXPFZvw1xcLHbp9vbKyZKMY3CvsPVQ/UA+1WvtG0l9Y4ch1K9t4ZdbkeONWikHfNCg2s4jDHOftWdRcBca8PXStrmgarZWxUSRvLaMgfPuakr0Wq447llsLnS7a+EUUkbBrfORzOcc81XzqH5HTbu46jujk+7DGB70Es11e2a4VRbOrhMbMA4+1I4g4fup9JB0y47wom+SLHX3oVKLQodGCk884J9DQrWzIQOVdciuVChWj7kZFJotoo65y9CdxobjR7RQ2igoLcaG40Xy5pO40FHQECuUhV1KP4QevnQoxy6AChY+bf40ux684S43k4msYpZdG1MkvIkDd3CT1BOOXPnXkbWeHzFKrwI0is2CN2CPtX2k7T9C0jiHTX0jWrGG9tr6Pu0hZBzfOcjNeCu3D8L2ucCQ2fEukWiG2uSRPaKwZQ3kUPUD2JJqkunaOqFSPJ2nadelTbiFJHQ5CMOv0Bp/Z2r27CVZVQhi2xuY5+WDyxVjvLOCK4MU9m0T+UbsAfsTUPqGiTyOWBdNvxbmH9apZo00IuNRslmYL3asvkFOKa3l/pcKsY5VmdDnKjlUDqiXNpfd28hPdrkn1pgzvJMSkgK7ckeVaGTkkdr7UJr8M02UXdjbk/3qLcEkmTHg+Hbzz9a43E0qAyIx8ZyB51xZpH+Jj/SkU0YynZI2cylNzDlkcvLIpccIN+kr/CCQ318qbQbhGYgo+LcDUnYwPeym2DqjSkOCfUeX0oWvqjtewvcabvUc0bLKOqjOa5SXAAXUFDRiNAvP0AxmpnRYgWntrkYZxtbPzcsYrg1jtmaCZVZEXDIw5lP71Fl6IP/ABS6du8muJCM5+I0i3kBcvt3bTt2t512vtKlU97b+OL4j6oPcedN4T4hhQSpzyOCatqils1Ds1s7JLuO7nMaLCwcd5yZmHy19Wfw98S3FxwZYaxrySxKAe7EwChYwMB+Rxz8hXyg7KeFtS4u4nsdLhuVtkaVe9eVsiJM+Js/SvoNHxvoGt2Vj2e8BTCbSuH7cR3+oHKxd4iYYkHm2PIAjJ/aq2jbXaPRtvbxoLcacEf43o8aya1oLnULARg5cqMyQ5HUOmF5Y5gVlPD3Emn8T6ZaaxpEhma7hVii5OCeTBvQq3Iitl7O+CtVGlx6leGeF5owIld3O1B6jNYXxxwnN2R9pcls5a34b4suTc2kkYZIoLw85Ievhz8Y/avN53H+Rb0ep4vlKD+Cy5m5tra1xks3sM02u3MSGVwSx+M+Y+lJhiWCISC9yWGQFHUfeuEu98vKXRQPEp5nNeDNUfRwexE3Effd40w8LhsAcseGmyzNGwtphu3fC3k1OL24Duwjxg5z7ZGKZmYCNlyjt8x6CsOzeCYczKk42BhgHkR5+XOtD7JuzeXii6XX9dJXTLRsLGw//kSA5P8A4R/P1qJ7NuzSbja/M1wrw6TC4Esm7/MYDO1Cf6869L2VnDp1tFZ2UEcUMKCONFHJVHSvX8fwd5fLkPD8v5NY18GF9/tmG/iP/DDwz232EOq2UsejcX6WmNO1SOPB2c8RybfiUZ5DkR5EV86e1bsE444V1m6TjfhW7sbzOXvog8lneH13KDg19hpFzzKjPmaY3ml2l/Cbe8tYriJviR1DKfscivoHCvR8tHI177Ph0nDyRQyQw3UYwuXinGcfSmsel3VnMSZlZfLxDH3r7PXPY92X6i8seocB6NJv5MWtEzj64zWX8VfgX7E+Ibw3en2Vzpm7rFDISg+gOT/OmrNfkgfLSeDULwhIhJd72XaiRthifQYzWtdj/wCDftl7UbxZrDSP8D01T/Fv9TDrGo/0p8T19AuBfwedj3BM4u4NJlvbhWDJPd3JbYR6AYra9PsY9PhWK1W2WOMYQRx4I+9NWVeVR/EwTsb/AAp8Hdi3dPO41rVJoe7kv54lKxyHyVGXAB8s5+taVxdwJw1xZp8ujcQafb39nKuDA6blzjHLGMH3HOrzNANQga2uF8DgPz6gjpg+1RR32SflpsOEbJyMbh7VDikUU5s8G9u/4R+HeEND1PjfhvU5dNS0kR4rSRmJcnwjB5YBJHWvOGmcB8Z6zr2i6bosOZ9TmjktkaRRg89shOfUbsele2Pxn8cPY6dY8Ew3cbnUZPzt6oyhEK+GMHn03c/tWe8LaLLw9xXZ6n+SRNSSyeRo1wBBcTwsIFUHOWWNkyPJs/SslC5/4dvyf87MXvOxrjaTh+9udXgLQSsNsiTKROzhmIUEncenpXmSWzl0/V7i2ddjQzMr+xHUGvqD2k6J+S4Ra00++SxmS1GQyeAvtHiQn4SMdRy9q+c/anpN3pXEN088So8zb2ZPgds9QfpWmr1o55dlRvALacYJIm/lUbfRlXdFHPOfapCVWktURmUyKmcnyNNrp1myyDr51aPRnJ2hgrh1Zh5Usjv05IxPt0otm0EYxmuolbZ3UYC+461azOxEK7SY9454/lXaHBE0+4LgbAR6+tFHbM7HIHL4QOrU7vIBBGkZVVIXmOuTUF9WM7lAsKxqSWJzT/QrXcGfIyPXpTIJJcSLHGuTnl64q06TpwCGzCkkjqOuahdl7JPQVlS7VoJFAB8SHpivR3ZlY63xdpF3w4nDNmy3Ax+bWaNWz5FMnr9q84aPZxu3frc920eEcHmQfPNesvw12D2qWYlaKV2mCR7W2KwPQfWrx6J16KHevxt2f3N5ZT3Pfy247qR2j2ziMj/5mO9APs1aX2a8d8d8VS6bw4NUeQy3CwxC7u3mZ95I5d4WCgcvWnv4kNE1qy4pv9bWzuA0CqzBIz3TQbAAQ55EjPP/AGqA7GeE9X13iBtY4YhkuLW0S21GKESHfKysO8RXUAKNw6AA486uRSHfbVo3EPBupwWHEl7BOJDKIgkbDeECEnmB+sVm2jXJu7rasir6lvMen0rXvxQ6xNxfxdpZX8ta24tGEDiTcZAxBMin0OBjl5Vkul3Udo5tZlzhtol5f2qUrMbKXx9w5/gGq74ADb3QEqEdB6iqxWgdp+qxSxadYpGhKh3JDbvD5AVn7culWMxFChQqxFn3Go/D61yWRz1Ao65y4e40NxoqFADyxRbRRbjQ3GgCbl0pSqD1pJ59aMMVUE/egInio2r2Aupoe+ng8UAHXd7Z8qoOsLb8ZaI2i8b8NSQ6bdhi90JV220ijO9ueV+vMe1WvVNRiuNWWKSUBeSICMAepz0qkdot7xkLiHRdE0hpmeTv1lVgAUAwyODyYe1VkrNMUWjy72pfhSi1AX2scG69pOq2ixNLb4mJkGOikBTz988/avFuoXt3ZXl3pk8ot5IC6PGH2+Ja+qd1qPFNkRw3pEwe/vYu8bvLZBAkHqPIL9STXz7/ABFdj2t6Nq91xhpdhNcaexP5qdYxsjcjJHIVlR2yctdjG7jZfW8jJ3pcDALLzNRdjAVkmiePDd3yJOeef7VceyDs+4h7Uu0DSuB+Go3ludRmxIXU7beJT45HIPQD969Udpn/ALObi6zuX1DgPWYLiHl/BuI2RuSc/EBjr7VrRyNqTpHhKeDMjFGDENgV0hsZJ3VIlY7h1/SfetG467DO0PgG9e14g4buBh+bxgOv7ionh2J7O7jj/wAHu53Y5MSxZLferFNGJu+z/XNM4Vh4kubORbSR+7WZgVRj7HFV2ISRlBzXacl+pr0LxlB2s8bdnaafqWhWeiaFpKNcrDc3X/My49EH9qwm3kt1KxTlUxzIUk8vflVLNtUTFgjXGIrpe7lQY70c/sak7u3s72JZAzJcIMGSMblcVWNRvdRtCq2cDW8JOQzA+P6+Vcbe+ITvRcdw3zd0/X7ZqKLEhd2F6W3W6bXz5eftRw6RdMhuLsqnoAoz/SumltfalPFa6YJ55pjhOYZyf+1c16i7FvwPdpfHv5TVuNXk4c0rkQHjzcTKf0oc4+9RbIbijFuzbQeLNT1hLTSZJIe+OzwYjVhjG0lRmvoL+HH8PmtOtlq3FhlitYWSbuHUp3rL8OR54PPn961zsx/D52c9mOnwW2iaIstzCMGaSJWfPrnHWtXtWSCMJDGQgGAW5AfanxkPPSpD2G3hiRY48hVXaAD5VVO1Ds70LtN4OvuFdat8xzgyQzIcvBOpykinyYHmP55FWlHPqKMFQSwGCRzI861klJUzCEnGWy9nivhDVb7SNVvOzrjONrfX9CkaF+85rcxbsRyx+oYftVo1CQwFdmScbm8613tk7FtI7RoodY0+UadxBp3Ozv0jycecb45sh9OR96xG60Pj3RpRpnEXDN536+BZ7SNp4ZT6hh0H1r5zn8OWN7Y1aPr/AB3PhmhU3TIa5aSE7irNv+IqOSj1q39mnZlqnHV7+cug1ro0LYkuW5Gf2iB6/WrJwF2LXursmp8YxPBZY7yKyLYkl/78fCvt1963S1srKwgS1s7aOOGJdqJGMKg9APKrcHxm7+TN/wDDLyPmI4o/Dgfb/Zy0jTLLR7KLT9Otkt7e3/hxRoOQGMZ+tPd3vSS45YHQ5pODX0MYKKpI+Ubbbk3bDciuG4DoSPpS3pDZHTFTRBzcrIFDKOQxn1pBRpDtQBifi5AftXbdF6V0kC7AI+b/AC58/rUA4C2iZiZsFgNw5eVdViDMMnkPaq5qepaxpZEktncSCL4WUjDexBqDHbPY2Em3W9I1SG3/AP7iC3M6L9dmSP2quyLRi5ei+Xk8duu4+I4AwOvXn/Kq7x5rGm6To91xDqF9Ba2FjA0ks0xwEAHXP15Y6ms44u/EtwPZxy2/D9tf6vqCg93CLdrYMSMfFKFFYjxJx5J2k39ldcc65ZyxWjK1loGlyvNbwSY5SXDED8xKp5hThM9c1WTs1jBr2Umwhue1btAvO0nifTrp7eaYvYWtzGy/8sm0W0bqc437mZh7DpW0Xuh2+hcJDX76aP8Axe5mhuZ3KDJuCyliM+WQEwPKos8V2HDlujWWgSSTBMxQKXaOAnk0jMfikxy/TjoKonFWp8ecQPDbT6dOIDKrBTFgtgZA+uFAqIppGmypI79qPFHElnbs+g6amo6U+7+FuxsOOq58seRyK8ZdqVxFxAe/TSbmwuYztaK4XC5xjwnpXsrgfSddvLaTS9TQzLEwUB+ZIbOc59MUjtE/DzacQaW0i6TNb3Pd70RpF7tvoMZ/nVwfO5NNzv2ZJHXnzqPEWE27Dj9qvnE/DGq8P6nqGjvbSJLBcNCW288DoetVK4h7tWjLmUr1zVN0PjISZTvK4xlsLR2tu7SbiDgDmfLNO/yqiQSO7MQcjK0pZxEO7ijzzzz6GrWZ6khHHDYWf5uWMPLL/loOq/2qHml747ELGYnLEf7U7aK7l3OZCC3hLH5j7CpPRtIVB3kq4dP1DOaiy0U5ehekaM8C7nX+MwwA3y/WrpoHCmsahJDHZRxo7sSxcEnHl0pnpWj3d5dKqo7u/njrW39kOkQjii00u9kaSd22Ovd7QuOnMHz9cVaKotSKfL2fPossmpWWnC+gB23ojHjjPzHaeta1wTb9xwzYrwZc3Ek6EXKsgBkQJ8YPLkw9K9VaRwVwboaNd6hoEMl/JEZDm3knZkPzeBdufYis60fgTVeG9ak4g4f4duobfULhpyn5WSNTn5lVlDL9xj2qxCaZa9G1Kz7V+GFtXjN3Nb2y2zLKQFEpjBZ2XPIHH2rx92h3nFXYnxvqOm8K37W+mSs0QRVO0Hb4gvPpknnXsbQl4c0fWNU4g0XXxpcV9EY7yxkibu1bzJbPhyeXTp+9eeO3Ds0ure7v9QLz3VjqDNK00xw0LNggnIB5k9FGMVaypkd3xxx12lNDeaw4knitltYpIbcARIvQACnVqseg2zfnk71bO2LMsxw7P5cqguExxLwpfrZapYSWyrPsFwwIXHtz/rXLjLXF1C8NkjsRG2JZG+bHT7VeLowfRCa3rFxrd5+bulEY27Y0UfCKj3o8nIOeY6UT1JQRQoUeGqxWj7hgKPOkbjRNy6UW41zmgrcaG40ncaG40AdCi3GjoAUG8YIPnRbjR0Bm/E0Wo6pqFzo8DBI4wI0yOQJ57ifTFZ9rXbtruj6y3C+r6Ba7Isx3Fws7iaIMeojKAMcfpY1tOupGt734SNAiqZTjm6/p+tVDWOEezfiHXpRrejWE+oqsbd7kpNGM4Xa6kMufY0NoMmbmxstf4dkjsDE6Xln3CTBQ22IjIUgjP7VV5eAOF4dMveGZ9OiudO1BN81s/wDEXmMfUU+4j1vROy7S44pWuHjuGYRIjKTjb7+QqraR2oWHFHEml6Lp+nSG41Jwl1cCQYXAyFX1qvV0apyinXoHYv2A9n/Yfqus6/oumlLvVypDbdxgiUY2KccgfOtmt+I9EeAtNcRqTnmzHH9KdxafbTokZUGMDG3zpymj6ZJG0b2cbIPPHKrHI227ZS+JOHeA+LAYdRltZkJyVYB/64rNtf8Aw19lVzP+ZtLlrd/lEBA2/TnW8TcLaKdrPp8OT6IP7U1l4L0GTmdOgz6hcULbMw/SPw/dkMJzqN2dTboRcTZGPT1xXln8T/4ObfSb6bjPsrhjuNLk2vd6WJ1EsTE4Pdnoy+2M+9fQ+bgHQZDltOgz/wBuKZXHZ7oLjYNOiZf0sAR1zUaotufGnQ9C4t0u4/IS2dxGned21pe2pIY+xYEV6O7Leyjg/XkiXiTs5ieU/DLFB1+te9Lrs14duSrT6RbSMrbgzRgnP1IrqvBFpCNtvEqgdAGK4/bFRRp8kTMeC+yvgvhiG3utB4NtbCWFgy3C26qynzrW9DvJoVAuZVkKgAbVGQB700i4XEIwQ2Ofzsev3pa8OqhyhdfoxqdUYylZZ49ZCnODn1BzXZNZBOQVU+vxVWo9Ku4f8u5kH3/9K7Cym+Zyf5f0q1FSzx3wPRhSlvCern7VAQQXC9S1PrZHXrk/WlAmhM/dlt+ARgnzNcZjGTnGeWDyHP61wjMgGCdw9DXRCx+ICo/f+E+juHYYweQ8vWlDA6nH0rmpz1U0Y8Pv9au6qkRf6Og5HoMUQkZvhWuRY4wp/eiKzfrxQBsW+ZP2NcipPyt+4pQU+ewfXNH3IPwtG37iosAWDd05/Su6W52g5OR0rkHK/D/5aNbzAI6egIOaqATCTumK7Tt+/wDSq7d8J6DeTKdQsYix67R1+tTczvLhskKPIcs0gnuyDGgB+Wo1RZSr0Vabs/4YjQiLQ7KGDOWXugSfv1ptNwHw+kBaz0ywhmkOSEgA+w9varczyEMVjTa3UEVweVkZC0W0/qIpqid2VGDgPTIwWRYpGkYu4x1z5Y6YrhxBwdpVzp6tBCFdE3LIo5hsEf71aWWVe8eAlT5Go+e5ubZA3hliHxDFRRGzMqtODbPRpIX/AIoM4di5HN2TqGHvuNTOpWWy1ieE4eL4ImfcT7efKpLiGa2e8tLXu3ELs5ODzRuXLPocVBzXMtrI9rcTG5cJs3HBLe/oD9qUW3PDP4pOFbyx1ZddtreGMX26O5VEGQwPIn3xWDW3CZv4+8Z0QH4iF517U7ftJXXNIvYiq7w4miboQSDyP7V5v4d04urxMuRnGCPOo0NlOynW/ZbBJDazSGULcyNFuxyUhsCp6fsf0fTLltPv7yJb0YVbZIzJMzHHVRyUc/WvRPY92bab2j8G6po8jC31bT7tpNPl8o32hgG9Rk1tnBnA3Det2kumaWsV5PpTfkrqcwIx7+PAkzIBk4IpqzRzSPDcnYvJa/xJYkd8DYquMjPn0pm/ZVq8dv30NpIGPNgsZPhr39xD2X8JcP29vda3eWlrJcSLDD35VcuD6tyxinuldnfDVrdKoFu0qAExOQAynkp59ATV9CiyV6POfZV2F3UFpY3Gs20UckrKCCR4NwyFYkdfpmtw4fteArKXXE4jtrCCfQCkcsUtorSyxEAhlDgbjz8qr3DXENha8XcT8AdonE4MWo6m9vp73LxZgug+yIRrCd0SsvNdw5noTVz1Tsk1230iC64l17S5F0/LJf3DESRqQAQ7EeNRjkMZ96Cu6Lx/gupcW8HSydn3aHe2cd7EXsXESlVkHykEBjz8iRWPaBd9tPB+qx6XxIuo3X5ububmfVp7WOMtuAE8aLK+FPMBd/XHry0LhW41jhnhGc6RLZ363DSTaYHYW8EpAyFDH1PQnFZJ2gaN2h8aa5HxcbqW7vbQwpFpBDCyjEbFhJErsO8bJyeYHtyGBMEi76tpVprcMZuMxJed9JlY9rFing3tk559ayvtK451bhXR7DSjpNpf2unLHHcTpHh44goDPjDRqeXLr9DWnQcbzXKNZ6npS2dyIj4XeJgzcgdhjJBwTWMcb6pqOu266bewtFdWpMTkOEMicyodfM8+RNClGKapxE2tTyX1rb7F7/c6tJ3jyDPmeS9PQCqZxXPbSas0tsoGY03Ec+fnWjcYyDRNNhtNEjt3jJRLvMY3JlF5g+XMnrmsw1+1Sw1aW1t2ZgVBGevMZq67OeYwpJYnrSqLaKuUE0PvQoVawfb92NI3GgWJ60e0VzlhXh9aKi2ileH1oAqPcaTkUMigDo9xpORRbjQFb4tv4bP+LcWk00fgAEfxFicDHtWf8UcDJxLeoz6w1lrEUG1yq5DrnKlgCD4frWlcQJJLc2mwMWXJ3gZ55yKzzVuG9esNah12LitbKdpBFG1wEYMG+IYPxenLzqLNIHXTdI1Kw0C50rje6GuXQV+5CIGEa4x8RUVLcGx6RfatiHQzp9xEqyONg9MZBAGD9Ki+Mu0O14DuLa2uLO6u7ieAy7SwGSTjB3Z5VcOzrWbbiTRYNeWBVNwuGAPTBxjIqn8jRtqJcUaONRiMbh5+dd4QxQoo5GukcUKHLDNd1ZV6KP2rQ5xq+4OM+VdUiHoKDr3hyeX0oDePOgFFc+VJkRP0iuu40g8+tANzAp6qKR+Xj/8AlgV1bl0NKyKAZm1B6haT+WHotPlaM9Sv7GjKxr8SigI5rYjkqbvcdK6LbA9YxT5SF5KAB6UAcdAKtYG35ZPUUoRgdFFdsL+kUjc3oKWDmMjoBSsH9Bo9wrorA+ZqoEAkdGNFuNHlaTg1awB/blREjyZqMgnrRkFPkJpYOZTGN4z613jgSbqVH1pIDbiNhGfWuot8fMD9aqDmIip8XIe1dNjciW3keddiBjBG76Vxbw/CSKAQI8NjAxSVRShZk2+maNnUEHd16VwaUlBGznAoBbx5OFxn0HSo+9lCMEY7gPI07E4Vyhb6GorUW33iKTyKqT96ARcX8USALt3HPI8sY9ai2v7fUrZ5rVlkjDbWwcAY6/Wud3Zz3slvJKxELM4eM+eamd1nb6YLa1WIFAFACAcvM/WgKTrVkZHacH4z4W8vqRVF1i4udLuIu9iKwMQkpznxEE/7VqnEFskAZNoZnBIK+Q9KzPim1EltOUYMgkUBQctuCny+9AZL2hWy6jY3STLvMsqhW8l8R/lzrzxDpp0riSaxkwO7uGBPlyOBXpHit0S1j0vw7Qg/jMwAd93mfL1+lYJxE8J4ge7yNslxIQcEbtz56e1C0GzXfw5arZ6D2hanpF7ewwRXkcNzGXOAxIC8icelemLDsh4R0++vNR4Y1C+0DUdVYXEs1hIMudxZiEcMuWJ58v2rxBZ3Vnbdo3DLahCJbe5jSORWJ8W18jzr2Lxrx7dfkNPtuG5bOS8iiL3EUmnmeSJcZV2bpGnuSaLs1kmS3aXwBLxZwammX+u20+r2BaWJ5U7lJTn5lySnh8wCc88Y5V531BONeBuI7JOLJZRLp3drG6tlJoUfcACT4se4q1yS6zqF4dQs+Hr/AIbkBQIbe7a2sjKFAB7uQoMkZB2nd7Vo+m6jxtcWBudf4X/KWVjMIWbcjpKSQMJkGTZg/EGp2aRagPtO4L4bm4zm7SLdijX9tC67ZAkTyFCGZ1Bwx6HJ6GqDx/B2hcVai1pJoVpYWdvL3SXM8mYNhOAzFvD9sGtH4kv+KUtYNM4Nt9PsNR3FO7vlZoygTntCgYbI5ZzWacWcMcfcSaZeaV2p8X2MGjoomdLdVjVRnJjdsfxB/P3oWhX5SI7UeP8ATOHtX0Ts8fUn1h5mKPemdY7ZSRiNEGcFQebZJKj3qX42i1fh22suKrSzkuWtAUubW3kXAhbG5go6sMcuf2NU/Quyi113hu5mUJNZmJrnTbmeFEuppShVJmkUAg5wNowCOoNVjTe0njXgCCPhXi/SYpLWCd2wTsZ/LnK/hLZ6ChLjH9E3o3a9pF1fXmn31s6xurPplxbwiZ02jxZRSRz2k9a4ahwpJx7PNrmsXNnY6vJA0qzwSd3bsuCYjKrqSr8vgB/8VWa24eHE+gyTW+r6fYJdooiltninNtE36uW0SN0245An61len3un8OcXXVzb2eo61FpxLtJqN42ySLOwMqhsDxEgAgjzxQoVjtE7PrzRpdOubS13JqFt/FjWQPulVQHZTjmu48uWceZrNZ+GV1sSWkzRx3Kp/nMvNCBjn61sPG/HFz2hXLw8PaDcpbTxkrPLdP3QiUAMViQgFSR8wNVpeGtY0jT59T4ihgt0nUQxJ3imZgBndtzy+9Xj0c00zz/KoikZCwYKxGR82PSue4071K2FlfzW2VbY5246DNM6uZgoUKFAfbuj3GkbjQ3GsSx0yK57jRUKAFK2iiw1DcaAPaKUMYyTypG41zml2xHJCj5c0BX+JH1M3ANhfC3jj25dhkLjqSPSqLrHD+n8QcZaBrF3c2c9tosTP3TK6v3nVHXmVIJ54Iz71dNXuxHZSbblDnAaVujg+WKp2t2/D3EKz8L6XrRtNWvbYd4rblmits5fwjG0+9VNIHfjfhhdetJ9Rs9Oil1buxEskw3hVJzlQfP2NXDss0e/0Thq203URCZ4WkO6JdqYLZGB5feqA3Z9xFFJappfHOrQ22nxLFbob6Qnux80pYvvb3Na3okbxWUIlbvHKLvf9WRilPay039UidUlfPP1ropB61wV89aWuPlyasYnRRnqxpax56k0SA13SgC2N7UO6+tLx7ml0A0eIe9c+6NPCmaJlA6UA0AYdGP8qPHvmurKB0pOygC5e9HsrrtX0pe0UA32UNlOFUHrRYNAcNg/TRhMeVdsGhg0Bw7selJyP0tTnBobG9aAbqM9QaUsbL8xP1pwFx8opSgHqKA4YYnJJP1pWw+ldWTHSk9y36xQHN22/AjCuMrgU43GuE4HyigGLSDx7s8vhptLIS7AnkK7z5CsWA5elMpGAZ1OaAEzfxN2enT3plcSrI4kfkQAGx7V0mlOAOXKmU8xbdtTO1ctigCkuDydsciSg+vrXCW4mmZwzj/LPtzNcbmVdmzPjA3If1Co27ue63M7NzO0bTQHXUNXEcLSSYLBAoz7VQ+IZ4riNoZUJ70sxK8sAjAOaPW9XMiGGV2jJOcDrVK4k1i7Fsturs0jMA7xfKgzyAP0oDNOPtTvbS/mjug14sYZYTyyGAyeQ5e30rKdbu1v54Z1bczbt7/685P29K0zjB0ez/NsypcNLIhi6hSAAT/OsfijYXaxK4ZHO8D2oWgu6FdoGqS6fd8P3sWRJFCSGXrkHNe5ezPjbStc7NuDpeJriFdY1tEeKKOXuI7tlHISHb0I+Q8ifSvA/apP3D6ac8olP7GvWvZDw9q/EHYtw1Lwrq0g13hr/wCJNa/mDGt1A5PgJ5YAIyMYIPnjlUQfdG8z0Jq+icN6Ba3XFms2f5m4ghaSWW4kEzcsnagY7U5nooAqj2vbTqX5q4n1Hh25jgkUJpSmLaZTyxHubKgnHI9KtWh69oHbJwbK0cWp2cTSG2uo7iFoZIriNiJI1yMSYYdUDAinsumaJDJFw8tvaGOzgV4rWVFciMZCtg9OePF/KrURjkv5Kyt8O6zccUSu+s6TPYajEUaW3uCV256MGwORqn8aWHFHFGu3Nnpesm1mjBjewkaD/loydqybDnIbDEPzAGOVaRrMunaJH/iE8EQmaIquXA3AHG3JGK87v2SQ8da7JxbPxVdWb6hL+aRbNnWROfJBKGDBQvMjG3meVQTGKuy6cG2P+GRXXCNzrz399ZtuuJHDLEswAIEQwSygYJ9TnpVd1btG0ftCnj0HiqzRI7WTuXjmI2XByRlV5YII6nNDWuJOznhE6eujajLq93pkkpklmuJpJQ0pPfEyMDHIWxjBYgeWKj17K7HjyCfiexle1e9bv4Lksr+IliVZQeq/6etDT9NibvS7TgfUNM0ue0ZdK1aFpLa3bcEDZ+J/MscHJ5e2Kr3G2lG00jUNSj0iCziu7eKSLvI+5UhC24Dc5J3csDGatGvSazf6Tpeh8catpZ1fTZVVprWNWmiXBCQh8gNIxYknGAAOVQ2gwXttrcH/ABpo1rrNpZkXLXFxJ3a2TK26M7m5SHHM9B5YqaKmU8HjjU6vaXmirML1IGtra3hjAV0dtxBOCAB9Kc9o/BWr8KLDqPEt3BZXV8uYrWOQOZjjGQR0X6/vVs7QO3rTRpiWHClkulw228qEg7oHBwu0eatWCcV8ea5xjq8F9qZkmEadzukO4ft5farGEyialcR3N/NcIuFZ2wD7Uzp7rcC2+p3MQG0BiVA6c6ZVcyoFChQyKEH233GhuO3NFQ+SsSwe40dJpVAHgepoeH1pFCgCZyOgFNNSja4hePcQ3oKcvTa4JXeV5H1FAVuWIXF5Hp0toksWTtd25KAMjl51TNXh1vhriexh4X4WubqISA393+XE7TQN1i3Fgy/92ce1aY4Bv7QkAnY3/wCNStuSIsg8ycH3HpVTSBCfk0uo9rW11HuQ7spgqCPX61J6Qe6tYolckIAOZ64phrNzcx2qqlxKoMmCA5GfFTzTf8lKsJk3ExapGFR6VG2dScNDM6BQKMculChQC159a6bRXNK60AncT7fWklQetGefXnQoDiVBbBpe0Un56XQBbRStooqVQBBQOlHQoUAKFChQBqCetdMD0oJR0AW0UgqE6V0pD0AZOaTgUdCgODAjpTaV8dBT16azAelAMLkhVbbzB6Z60wnywL4ALnl9KdzdXFR98SEOD8lAM5XB2gHm3TPKo67nIiZ4ZAGZcGnF6SbdSTzqMuvg/wDHQDO/u0i7o7wzDJIHVQPT2qB1a9uDBI0QYDbgDqemc/WnbAG8jyP+g1Qd87qnhdh9D/poCsanOwuG3zAFSAcjnnHP+dVDVbuW433N0Q5mBILfIQG5E8vPlVo1Mk3bEnP8Zv8A8qpGuEyC6WQ7xvTk3Mf5jUBm3Feo/lVFsXTY+5y7gks5wTjn9KoUVzby6gqwrgg5Pt7CrN2iE/krU5PKWXH/APjSqVpP/wDNjPmaGkPyOfahbNdRRcvF3PSvTX4ZbPjB+y/hTVdBgupZnlmjb8uFcLGjkBX58059OvvXnftGAEMTAc+5616q/Cxd3dv2CWvcXUseL65Hgcj/AKntVIfkbTPQev3d1ZaTaaRaTtp17qrtBFMkZlSFmy2duVzyPXIOayyXhjtT0rjG81rubfVb82xRJBKYkfONpYMfLHMAge1W3hrUtRu+ItZW6v7mZUkiKiSVmAOeoyasnFM00FpqHcyvHiHltYjH7VsUjIyDimHtg494Xa2j4e0m0kmvRaXVvftLGYbVV3M6EZO7PnzGPKqrZ6lpnBnEY4d1K8it10y2SJVJJiVio3IqrjkSM5Oa3a0lluNM06aeR5JGiXLuSScpz5msF7YLeBuOdAdoIy0lv4yVGW8Xn61Qv+RP6nZcHahwWOLuO79UtjHtihuG7uCNjnmFTxs3PpuqG4E0fhW14evuIdI4q1WbS0DpdQxQyW9r3igksoc94+0H++ay/tKmmOtcO2hlcwIp2xbjsH0HStbv7a3h7AxHFBGiCwLBVUAAk8zj1NC38StXnEHDnFoup7Vp5b7vJJ5bZlKdyGcgF3IOWwfl/lVO7SeNdM1nTb7XU42ZLzSJUisNPNuqxzE4AUxNzY5yTuB+1MexWNDxrBCUUxm2Phxy+H0p7xVbWy8d3N2tvGJ+8V+9CDfuweeeuferkGU3/BXFWpx3PFXG91LDGYzeyI6eOQtzJwAAAf0gCq9PoMlxpba3YYiHgKL1LKeRf7Gr524XFw1jIjTyFS8IILHBG3pTfS44xawRhFCjS4sLjlzFDCZi3EBV9SkIYk7QD9cc/wCdR24061T/APqVz/3v/wDlTSrmYe40naKOhQqf/9k=',1,0,'https://github.com/elisanog',NULL,0,0,0,0,1,1,NULL,'2020-05-17 17:44:48','2020-05-18 13:22:28'),(5,'Yago','Lomondo','yagolomondo','Developer','yagolcs@msn.com','$2y$10$NIa1OJpPJRRtl4xuh9xOeOD6MXqk1L7P6Tc1yXELVS0F6tNxB4Vk2','data:image/jpeg;base64,/9j/4AAQSkZJRgABAQAAAQABAAD/2wBDAAMCAgICAgMCAgIDAwMDBAYEBAQEBAgGBgUGCQgKCgkICQkKDA8MCgsOCwkJDRENDg8QEBEQCgwSExIQEw8QEBD/2wBDAQMDAwQDBAgEBAgQCwkLEBAQEBAQEBAQEBAQEBAQEBAQEBAQEBAQEBAQEBAQEBAQEBAQEBAQEBAQEBAQEBAQEBD/wAARCAIVAhUDASIAAhEBAxEB/8QAHgAAAQQDAQEBAAAAAAAAAAAAAAEFBgcCAwQICQr/xABMEAABAwMDAQYDBQQIBAQFBAMBAgMEAAURBhIhMQcTIkFRYRQycQgjQoGRFVJioRYkM4KxwdHwCXKS4TRDU6IXJcLS8Rhjg7Nzo7L/xAAbAQEAAwEBAQEAAAAAAAAAAAAAAQIDBAUGB//EADARAAICAQQBBAEDAwMFAAAAAAABAgMRBBIhMRMFIjJBYRRCUSMzcQYVgTRDUpHw/9oADAMBAAIRAxEAPwD6UUUUVcoFFFFAFFFFAFYq61lRQGFFKrrSp6UBjRSq60lAIrrSVlSK60AlYq61lRQGFFZ1irrQCVirrWVFAYUUqutJQBSK60tFAY0UqutJQBWKutZUUBhRSq60lAFFFFAYq60lZ1irrQCUUUUAiutJSq60lAFFFFAFYq61lWKutAJRRRQBWKutZVirrQCUUUUAUUUUAiutJSq60DpQCUUp60lAFYq60tIetSgJWKutZUVIZhRSnrSUKhSK60tIetAJWKutZUlAY0Up60lAFFFFASlXWkrOsVdaqWEooooAooooAooooDFXWlT0paKAKxV1rKsVdaASiiigEV1pKVXWkoArFXWsqKAwopVdaSgCsVdayrFXWgEooooBFdaE9KWigEV1pKVXWkoArFXWsqxV1oBKKKKAKxV1rKsVdaASiiigCkV1paQ9aASiiigCiiigMVdaSlV1pKAKxV1rKsVdaASiiigCiiigCkV1paRXWpQEoooqQYq60lZUh60AlYq61lWJ60DEooooVEV1pKU9aSgEpD1oV1pKAKKKMj1oDFXWig9aKAltFFFVLBRRRQBRRRQGKutJWdFAYUVnWKutAJWKutZUUBhRWdYq60AlIrrS0UBjRSq60lAFYq61lWKutAJRRRQBWKutZVirrQCUUUiutAB60lFFAFYq60tIetAJRRWJ60BlketYnrSUUAUUUh60AHrSUUUAUUUUAUUUlAIrrSVlketIetAJWKutZUUAg6Uh60HrSUAUUUUAUh60HrSVKAUlLWKutSAPWkorE9aBgetJRSHrQqLketIetY0ZHrQBRketIetJQCnrSUZHrRketAYq60lKojPWkyPWgCikPWigJfRRRVSwUUUUAUUUUAUUUUAUUUUBirrSVnWKutAJWKutZUUBhRSq60lAIrrSVlSK60AlFFFAYq60lKrrSUAVirrWVYq60AlIrrS0h60AlFFJQCK60lKetYK60AKIzSZGcZGa1vbstbfxLxXMia0qa41xuQcGhJ20VgFZJ5oUvaMg80IMlKwKwSrNDh8IJpD/AIUBlketGR61j5ZoyPWgMsj1oyPWsaKAyyPWkPWkooAooooArFXWsqxPWgEooooApD1oPWkqUAoopMj1qQFIojPWhRGetYHrQAetJRWKiM9aBinrWNGR60iiM9aFQPWkoyPWsVEZ60BlketYnrSZHrRketAFGR60h60lAKetY0biOKQnJzQC5HrRWNFATWiiiqlgoyPWkV1pKAU9aSlT0paAxorKkV1oBKKKKAKxV1rKigMKKVXWkoDFXWkrOsVdaASkV1paRXWgEooooBKQ9aFdaSgCsVdayrFXWgMVdaSlV1pKASkPWhRGetIAT054zQBWKiM5OOOmfL3rB59DWFKW2lJ6qUrAAqre2D7RPZ52Uaen3B6/xJdzjsqUzCZWFrWokBII6BJIOfpTOC8YOTwjl7fu3vTvYxpebdJL6H58VBbjRd2FPSF/Ige42lXt+Yrf9nhzVl40M3rfXJ2z75mW1HPVllYBSDnz6nHlkV8s732u3XtT7S29YazJetEGY7IahLWS04orClYz14SkZ9E4q77n9vTWq21xLQlyM2jKY7O4NtMNYwkZHJUPP8qxdmHk3VEmj6TfHR2wpTryUoR1JOOfc1Xuqe3rs8sMkQm7kq6TdxQY0BsuK4/CSOBn3NfMHVP2ku1rWYMK565npjLG4tx17U4JPmME1DJ3aJqxqMLZaLxKV4wpZbUrc4ofLkj05/WnlzwStPJdn1Et/wBpKyTJCEXCXHhuglXwqQp55AyQN23hJwPM1YVh7RLfqHaqK+lDS07h8StCFFPqUg5B618erVrzX2k2Vu2xbDXepJkOKUXHHs8nOeOvkac7H9qXtGsbraWr60cfux05Cfc9cVKnyUlS88H2lacbdYSppaVJIyNqsjFLXyt0P9vftD03IxPixp8NxxKjhSgc+ahj6DivZ3Yt9qvT3afBjqXc7V8S6opcjB8tyEK4Odquo58qupZMXVKLyz0KnpS5HrXNFlx5bKXmHQtPTdW4kA4J5FWKmdYq60m7HAozmgMh0pcj1rCigFPWkoooApD1oV1rGgFpKMj1pFEZ61KAp6Vq3EcVsyNp5rXUgM55ooyPWkPWhDEURnrWJ60K60lCArFRGetCiM9awURnrQGVIrrWO7HSsVLOaAzorXvNG80BnWKlYPFYqWc0m80Bl3ho7ytZOTmkoDYTu5orXux0ooCd0UUVUsFFFFAFFFFAFFFFAFIrrS0iutAJRRRQGKutJWdYq60AlYq61lWKutAJRRRQCK60lKrrSUAD5qxPWsqxV1oBKxV1rKsVEdc9KAxPXHtWp19lhO95xKU+ZNNWrdU2bSFnmXu+Tm4sWE0XnnFH5Ujy/PpXzl7Qftydqmor/Nj6fTCZsiXFpSnuynvWkngZ65IqsnhFoxcnhHtjtV7fNOdncVRiqbuFwc8DLCXkgAj970FeTO0r7bPbUzHf/ZLmnLSqQQiO0wkyXUjPzE5wk+X5V5a172yXPWF8k3KUy1HdVhAaDnhbwPT6k1Wd71XcHs93e2m3M4O1GcD1rPc3wjqhVFdnoa+9t3axrVBb1R2jz1tqwgtNvlpISrrwnHnmopeFQrlbVxpM0KQ587qncuKI4wec+VUeyzOlOIcfnvSStXhKicH3qUxkQVHu7hLQ1sRt2pOSTWT3Z5OiMo9IdpcG12/BYTIfbbyB3Z5H+WKbGLamYoLaV3BXyEuPhJP61IrPPjWxjvWLc8tlA3EnaQo/So/ddY2x6ehciMtDYWolC0jCc+gFMZJzjk7FR3220sFppttIypfd7gfzBp2iAMtIkKT3yAnA7raMD6dags3WdhbSGbfFda28lxKiNwz6VyI1UzOfbDLhbUnHjA25T7/zoo4Icsk1vUqBJBS05IB28h3jB9OfKobIC2lqSlppzceimwAf9amEe1KlsNyUOJWVp4Jcxmmm62nuUL+IdDK+ie9PH1BFaIqyPsS2Ht7aoTMZTfH3SSAffnzpYc+52qUmZbJTrTyRuDja1JUB7EefFZRrxPsjhVJjsymkHqE5ChXXNlafvMf4m1d5FkK5dRnwg+1SVbS7PVf2b/t3aj0GuNprX7D13s6Rj4ltR+JZHA5z844z+dfQ3s37XdB9qlrbuGitQxJ3AU40g4cb4HCknkGvhepTiAAchQ+VaD8w9/epRoDtY1d2c3yPftL3h+DNjOJUChwhKwPJQ/EPY1KeDCVUZco+7iCCskAjNZgjqDXlH7LH22dL9skVnTOtJMe16pxtSlStrUxXqg+Svb2r1SFhxR2kHPTHn+VXUs8HO1h4N2R60ZHrWtJGM5pcj1qxBnketGR61hketGR60AqiM9axPWg9aSpQCsT1oPWkqQFIetB61gpRBxQMyrFSiDisd5pFLOaFQUs5rBSzmhSzmsFLOaAy3Z60h61gpZzSbzQGe4jisVLOawUs5rArOaA27zWKlnNa95pFLOakGzeaxUs5rDeaN5oDLeaXOeaw3mjeaAz3EcUVqUs5ooCwqKKKoWCiiigCiiigCiiigCkV1paKAxopVdaSgCsVdayooDCilV1pKAxV1pKzrFXWgEpFdaWkV1oBKxURnrSnpWrxfhANAKojI561x3S4R7XDenS3kNMsIK3Fq6JAGea3PLdRkg7SBkAAEq9vavDH2xvtRK0+uXoOyzi49hwS0o6Np+XClfvcn+VVk9qLRjveCsfto/apZ7Qm06K0v37MGI86qUkLyHynbsKscn28q8U3zWBgOr70SnTvKQQrYPUjHl1NdEy6x3Zsl1ovIeeJzuOfCCMf4GorqGe2/Iw8nvAXlY46DNZ4+zo+CNbutFOyCiNCQyys5z1OPeuuNfG1rDjCGVBPGFNA5pmW1GVICm0dRjGKVMYMMBxHXk/lQjc30PczU9ykIMduQ0ynyDbQFM37SmNL3qK3lA9CcUMhiQtKHllCs8KHrXcu3rSUpcaISTw4B1oFvTHvT+vlocRHdeXG5xuyD/jVhR4Nv1Yx3s24xnwodFYz+qelVC9pmQrL0JPe5GVN+ah7e9Otghyg4lNskusyUf8AkrBSpOP5KFGdEXJ9kpvPZ/b4ilqjSkpQEbsK8YPJ6H/KomqwIQ4AzJU2ongK6H2qxrLKkXNLke7w3UvFOCtnoT6qSen5VzSNNwnUFDywhYVhKgTtx/r1qES1lELg6qv+llqYfAVH35LbicpVwBkenTyrvud0j36KHLU85GdWncphS96Fn+HPI/7U637TkcxlNomIdC/Ckn8CgOef0qFC1ybStl5Sh3S87HUfhPv6VJRRwYJu0y3q7ubHUjn6g+xoeejSvv4kgNO48Segp8VbjMt5M9neSk4cHyrT6/X3qKy7UuMSYa9xT1TnKkj6UIn0ZPXCWEd28spCVZCvata5b6R3yPGTyR7etazO3FLEuOAjGN3qfehf9Vy8xlbRT4vp6UMR0tF3msSW7jZ7g5ElxloWlaFFJQpJyDmvqn9h77YkbtXsaOz/AF5K7nUtqb2syHeBMQMAEq8l5z+WK+TLJbWtEiIvYs9E+RqweyTXVx7NNeW7V0bDjcd9v4xnPDjJPjQfy5B8iKlBx3cH3pBHUEYNLketRbs+1hZ9b6PtWp7BNblQZ0ZDjTqFZBGMc+46H3BqTfWto9GDW14M6KQdKWpICsVEZ60qlYFa85oDLI9awX1pFKIPFYKWc0DMtxHFYlZzWKlnFa95oVM1LOawUs5rFSzmsFLOaAzUs5rBSzmsFLOaxUs5qQZKWc0m81rU5zWJXkUBtK+Ota95rVvNJ3hogbu8NYlZzWpTnNJ3lWBt3mjea1d5R3lAbd5o3mtXeUd5QG3eaK1d5RQFl0UqutJWRYKKKKAKKKKAKKKKAKKKKARXWkrKkV1oBKKKKAxV1pKVXWkoArFXWsqxV1oBKRXWlpFdaAwV1pNyUkE9c1nWmR3aW1uOKCUoTuUT5DOM/wAzQFVdvvbBbeyfR8m4uvsKuc1Ko9uirVhUh0jIAPkBjJP0r4+dpmt5V+1Bc1ywHJc4/FLXu3BwlRLgz7Hj8qub7VPbi/2m9uV5AlK/ZNhWbfAa3Hu9iCoLVjyKs9fPArzXcHIfxXw5aKRHWruVA5yknOM+fU1hJ4OuuvasDNcHkl1G4+NxOd/mR5f6flTY7HS9HLq8AgZ5HWnw2x2e73rad4bSenl/vNNlxhvpiJUkEFQI/wAf9D+lU3mjr4OG3lLkyP5pJO7A8qc24CZFxEdLZW2tRCgP/TKVZrp0zp16VtI4CWdyj+Zp9sVgfkagjRAotrWfuyPMHcn/AF/SnkwXjVnght+sT1pmzISm1L7l4hKknqk4Uk/oRUj0lqExGjDuFtauDCU8j8aQeMD/AH51I71YA5dbhbDlT7SUpBx82xISf5Jph07Yg1eHo7rbiWH2+7S4f3VEhKvr3m0fSslblG/6VwlhD1F1LoYOmAptxnnwpdT/AGZ9Nwp5nxdE3iG2lu4iPLYSFNPIVkLT5pP+lV5fNPSWnjLMcoVHeLb6MfL5HH5g1sg2N9EkRXCQD4UnPXIyD/OtFPgpKuedpJIWq0Wa5IhXdsPtMqATLYJ37ecEg+1abzdZLiku22S3KbfBdSlXBUjJ6DyPFa7XoWfd2XGZKipUZRbcWPmSSMpPuD/ka4HNCXu3JDsO4K7+Lv3oUMpUnz2/UY/Simm8FZVSissaZGqnmlqafSQlKsLaV1QMCtaL20lXhV3sZ350KPl61yT7Vd2kvT7jCStaVZU51StOBgn/AA/Km5tq3yX23XUriI5S53R3c/Q1cybwiwbRdLfEiNR25CZFvfy262v545UMBQ9RxUYvJSlzC9qHEkhLzfRxIOB/Kmp2G8xCVKjXBD4aWUqT0Ukfve+c4x7VyNTTLSppbu0p4254/KpRnKWUdDkgvkoLiMjyI4NaEvMtr7l0GO4eQM5SsU2SFKS4UkkY6Vkl8OI2vp3DOM+dSUOmQwsHdFKkqHiIB4Nd9ouxcdDb4KHU4UCfPBHFNrbTbY3MuZz+FRroTbipQkMBII+YFXnUkrs+oX/DU7Zodz0vK7K7k5skwXnXLeVE4U2oglvHlzuI+te60Hg5Jznzr46fYO1Oxbu2y2WZ5a21XcpiR3G1cIkbkqQo/wDSU/RZr7EMr7xpDhSElSUqIHTJAzj881pV8Sl3ZtyPWjdjpWGR60ZHrVzEyJyM1r3YGKVSsDFa855oGLv4rWXKRxWDx6VgVZPNCoq1nNa1LOaFKweKwU4akApZzWKlnNIpzmsFr96IClZzWJXx1rX3gx1rWpzI61YGSnOaTvK0qXx1rV3lAdKnSDWBcJNc6ncHrWCnjnqaEM6VOc0neVzd7nnNYqewetCp195R3lcffe9L3x96A6+8o3muVLuRS96RQHUHDiiudLhIooC3axV1rKsVdayNRKKyT0pFdaASiish0oDGilPWkoAooooApFdaWkV1oBKKKKAKxV1paQ9aASsVdayrFXWgEpFdaWkV1oBKgvbbqyLonsu1FqOY4pDMOE4pZT82CkjA/wB9QKnJ6ivO326Xbx/+n2/RrS6lsyHY7LqiPwOOhs4/JVVk8ItFZeD5NT4k+ZHjalmf216dduUgA9UFxQQgfTAOPeo3cIb67guOyCXUjK/4PM/yNTq5qj2iyI7tXeswUpjs7j1VtByP0qR/Z67NpOu7vcbnITucmNlpKduSnePGf/cgfma5LLdnJ61VLskoojGjbfHRYrw7NYThhjeDnBUyopBOfIjav8ifSnS66ahSNLTWER0GSJPetlKeSgISTj6grOPUmphedLtv6ZlOWdtth0NxkvNIHiS4hvadw8woJCvqo1zWNMkQIUSXFWylxHep3DhKsbVBKx14A4Nccrv3Ho16aXxZXWlrM+xHjzmkd8h5lCVkH5QHVI/xSf1qVvWlyE5aryqM6hUPv2FKCcZUlzegn+6pwVknS8yxXS5WGLI2x5CEzIiyrdwledv/AFbuPerC7PIkTWEqTYr04330ptzu8HAYez5jzB8P0wr1qttmFuRpRS29qIBdIaHtVs3iMjcJKVB1JHkrz/nXXP0S6w/IZjspSW2+9a9FDGR/7qfbzZJNknotV1bSmZHTsVhOA4NxIUn1Bzx+nlT3CkR7k23Ig4cfYb2OML6KA6AfU8Goiso0ljPPZXbtiRPmreXFC0yY+yWkj5HAMFX6gmuVWjcMOPJJPcDao46owCCfbnrU/ebggbUvFDzAIScYL6D0Qr+MK3YPmBitViuFuUXbPc07MhSFJWOF55wT1wcnHp08q2U9qwc8oKb3ER0swqJJ755G/anunkA/2rR80n1T1B9M063/AE2uG4mVHWh6M+kvocQfwjooegPpWLhjabQ5b0LEuMFEtE8OhI52Z/eBJ9sba1u3oRGDBePxNqd8TTqfnirPkofuq6enFV6e4tw47WVZfkvWGY64ra7EeCm5CAOBnkED93xfqmoZf7ZAkNF+3ud0+jGUjo4jHCvqfSrS1NaW5SHY7b6HQ8gpaJ/GoZJST5cHg+wqlXJkiE4uK8kltKihBV1GOOf8fzrtrllHk6il1v8ABxmTIZbLDn9mvxAH8J6Z/lXA5jfnOCPxetd0pbZSdq+8J5INNzrRUNzWQa1ORiqeWeHUgpAxmlQ4ykcq4PtWnK0jkZ9aXvB/6ZqUVZ0tqWSNqwR5cVI7E2VrCnEkpyAT5VF2i4ojumlBWfWpHb0SQ2VrJACeBnHPrVipaXYJf42g+27TWonlpSxb7tHdyeE7StOf5BVfcSI629GaeaOUONpUk56jAGR7cV+fCDLdU+jviAtCwc58vL/3Y/nX2o+x5ru5don2ftLX68K3TGYxgurKslZZUUbj9cVFQtLtyPWitYIwKXfjjNbGIquta1qx0oWdxzWClYHFCGY7zWCzuOaRSzite/ipRBkpWBxWlSzihS+OtalL461YClZrBa/etanPetC15oQzapfHWtKnSOlalO4860qeNWj2VNynjWvvjiuZyQRWlT+RzVyreEdSnvesO+461xKkY4rX8UakqpZO7vjisQ9XCqUc/wDesFSjn/vQnI5d971kl73psTKOP+9HxJKqAc++561mHvemzvyTWxLxoBxDxx1oriD3vRQZL1ooorkOgKKKKAKxV1rKsVdaASisk9KRXWgEooooAoopFdaAD1pKKKAxV1pKzrFXWgErFXWsqKAwpFdayV1pKAxGOd3SvJH/ABCtfqsfZjG0pEyHrzIHI/CW1BST+or1uvpjGeleCv8AiYvvtW6ySVbQhlS9qAjxbjnJz6dOKpZ0bUfNHz6MmZqTUSbHHR9yoNMsjyUrkFX5ZV+le8vsydnUXTum3bmkcSUpaCvMeZV/1K59k14o7PGG2Ls7cVt7lpS0y0rGAXHVEZH9zf8ArX0a7MkstaQgtMo2D4dOR/ESc143qFmyO0+l9MhunKZQmv8ASkax6xvls7hbP7RR+04S0DAdAWUPJR7jcgAHyb/iqJsfH6Ru0eDeYzQiOuiZEd28OIXjv0c/iSvnHoQK9QdpOgWtcWlLTKkM3KErvoT5/ewdzSj+4vCQfRQQfKqTuUq0X60u6E7TIz9mu0ElUa4hGS09jhak+aeuSM5GT1FearN6wz3I0tPch/132RxtY6bRqbTZZTNip75tSEhI7wDxAj91Y4PocGqn7JoOl73rNzSF8XLtN1kBZiPIVhxh5IBU2f3h4R9ae+zztmX2dzF6S1TPjyIqUlDTza94WCcBST5pOMjz55qQ6+0rpTtDmM6k7OFvsX6Hh9qZHHgDmM7Vn1+lXrbrW2XRWUYT99Q86o7I+0/uP2XcLTbtQpY8Mae2vY+2kcDcPMEAZ9Kqu89mPaZY3HrgzpWcyoJO5CU7zjyHH+8U86Z+1H2maYvSbLqyxCXLjLLLrfeAPrIxyB5g1aL/AG/a9vsANWrshuapLv8A4dyVhsIPrkHmtYysqef2nNOMLeMcnmm+3B1xv4S+WyTEuCAM9UqVxxkY8jmoldJeokxe/ZDj7jQDaXVJwopJ9PP6164g9lfaX2jPNXDtGRa4zDKioxY6AXlZ9V+2elSGX2GW61xfhIKGnoZRsDcprasn+FYro/V1xXJzfoLJPKPCD+r7ddChq7NqiTm8j7wFCVY4z/Km5nWLVqkLt11SpbLifC6hYO1JJ5yPLrXqjWX2Xo13YcFsZW2+CShCmN4B9N3X86pm7/Zo1VFS9FumlgHQT3Drbhb7z08jn+VaRupmjKWluj8StJbsst/Eafu0a4RTwthStiwT02g/4VBL5JhLuC0SGVpZUeRt+8bPmCPrk/nUvvfZVrbT8sCRZpFvwvapxSQpG31O3OB71qu2gFPMJfbv1nkLQkBxtDpSR+vOa3hOMefo5LabJr3EAnWKQ2kyrc6JEZY4IHIHofemZanWjsU0oY4yOlW2x2QaphRES7LfIT4dG4MNvhRA9x50sbR+p0rDUrTYdIV4lx8KJ+qD0rRXxzwcb0s8lPl0rWEqbKvpW9MdbSC46gpT1GRV1P8AZ8qS42o2Yx2xjvCthKFZrKfoOA+wI7bacjpW8bcrBjLTST5KgQhLjAcinPqfMGjdcFYQHVc9eeop1vmmZtmuG9pC9iVcgdCK1TWCQ24OCr8Pp7VbdkwktrwcsdagtKdu1SVYT75Bx+nNfXf/AIbl1uc77PwizI6UxYtzfERzjLiNw6++7dXyTixwokLHJ8R9sdP1zX0x/wCGLJu0PTN/sTtxWqEH2pDMdRyG1qSMlPrkADj0q8OzOfR7o9/XJ/nWKutYIUcZ2gZ5wBwKUrOK1MWClYGK0qWcUKWc1gpfFSipipZxWvfxSOL960qXkVYhirXmtKlnFCl1zuO46GrR7KiuLrncdwDzWLr3HWuJ17rzWhD6Nqnj61pce8J5rlVIIzXO7JOKlGcnwbnJBBxWlUk1xuSTXMuSasiieDvVJNaVSjmuBUk4rSqUc1YOWUOSpJpPij/s02/FHFIJR/2aFB1TKP8As1mmUcf96Z/ivFWxMk8UJTHYSTmtyZGR1pn+JORWxMk5qGWHdL3FFN6JGRRVQelaKKK4jtCiiigCiiigCsT1oV1pKAKKKKAKKKKARXWkpVdaSgCsVdayooDCilV1pKAxV1pKVXWkoDFXQn0wa8d/8SPTLFy7K4112FUhic2EEA8IOd/8q9iqqk/tc6Ylar7G7xboTAdfDe9GfwAcqP8A0BQqk/izWr5o+SulElh6IwoAJTIPA+vgP8q+hnZ2+l7TkFxsYSWQQPQ4wf5g1894CF22c21IUO8beKFEjqNpx/IivfHY7JEzSjbqF70oJAI8+BXh+ofGJ9P6X8mWCwNxCzxxupo1XoTSutmEs6gtbT7iAe7k9HWQf3VDkedOLzobJQny4A9aPj2m2UreWEJT5k4rxm2nwfTRSceStlfZp0c5CVAWhh1hQ2th+KlTiOeT3nn9a22n7J3Z9EbQth+8Ntg/K1NW2lR+g8qsdOpIDe0KcTlxW0Drn0p8hahtySGly2UkdU7hkfWtob5cHNY64clfyPsw9mc6KhhenEJWhQWmSVkvJI6Hd1p+i9jkeAMQL3d2jtCdvxOcAeXI4H+pqxI86AWg8ZrC0eyxxTtGbhyEpIWCCcgjpXV45NYZyy1ii+CurNpBVnKm0vvKz13HduPrmpGm3rLSUbVZQOpFSF5mMFHuzyk5zXSlmO5EUrISo8HNV8K+yr1LfKIg/Z2kkPFhA3DO4JrhmWmO6hIdYQ4FEp8ulSSdMjMR+7TghPHJqJ6h1bb7LCdkyVBDezHTkHJ5qHt6RdWTxuItd9HWBLTqpdrhON4IILaQfzqrdQdnXZEth12VpmzoUeQQ0nJPnk1Fu177SbcJtcG1EO4Ucqx09x6mvLt87RdW6jub3w8uS63ITtQGQrrk9QOh5rrp08ny3hHFqtck8YyXVf7Z2f6bl/G6daiQ3MYSlCQ42eTxjqD71BL5rrT0yQGJlpaafbJBcRwFfnwajNq7N+1jUTCUBp2I3nPfOckjr505yPs93xwLduVydfcd5Uc4xXQvBB4lLJyeTVWfCPADWOlpTRjGRsI45XnB9K4VGI8orjuJX6FPpUavPYtcLU5sakK4ORk5z701Rhf9OSw0+SprdhRz5V1VuD+JxXeX/uRwTK62KJcYat7CCcdcZqotW2w2+cCBhIOBxV6WjbMiBwnwKx5dKrbtVgCPMC/InIrdHJZ8SvchDSXE8EEY9yc19Iv+GO/FnaOvTMpaRKiSmyz4sLHHIHt/3r5qd9ynIyAocfrX0T/4XN1gyLRq21loLmMPMPpXjxBtxK04B9MoP61pDs5Z9H0A3BOUA8JwMenFa1LOKRSzk4/eI/QkVipfFbIxYm/ital5FKVAgnNaVKwKsUZi4s1pUvilcWa0LXweatHsqYur461xuOkA1m4vg81xPO4yM1oiH0YPPHmuJ17rzSvvH1rhee4PNXRnPoVyQQCK5HJJwa1vPcHmuJ6QRkVYxZvck8GuNySa5nZJwa5FSTUornB3KknFaFSjmuFyV71pVK4qw3jkqUc/96T4o/7NNXxJpUyjj/vTGSHLKHQSTmtyZJ4pnTIJOa2pkEHGajbghDwmTzW9uRnzpmS/mt7b3vRl0PKX+Ov86KbUvcUVUk9cUUUV556AUUUZHrQBRRWKutAB60o6VjRQCnrSUUUAUUUUAiutJSq60lAFFFFAYq60lKrrSUBirrSVnWKutAH4TTHq+1C96dm2spGJLK2z+aSP86fPKtToStpTazgHz9OD/jUSWUSnhnxX7RtPmwXy421aCmRAnOs5x1CFkCvZX2a0h/sttr6hkkKSfyrz/wDa4t6YvbfqyI0lLad6JKUJGAkuNtqP+P8AOry+yjcBO7IYbKTlUV1xpeDyfFn/ADrxdXHg+m9Nsw0TrU13g2ONLucwlLUYbipJ5H/5ry3rPtrvGo70ptlc2LFaCglltvdu9DxU47cX79qq+OaUsD0wNDd3iUKwFex+lOfZ12N2i1QWH7wPiJaQCVOYPOB1rkpjTUt8lk9S+V178cHgpNeqe0KRINvt8i4nvCFkpQpS/CARgeR565rhma07WYy12tFnvLZHPfLjqUpRPmT5V7QtNitUBJVHhRmys8lKAM4967btP0/GYcXJWwkkAnJHX8/pV/18VxGBh/tlsuZTPFGldVduv7VSl4XBUdtadzLpVhac8HaK9Y9m2vdSrhsoujy23QNqmCg8H1yfKohqDXdjhzD3EqOPFjgg8YrggdqDIcCELZUkcZSQa5rNdlYUcHZT6XJcuWT1BAvnxkdAKvGQM4Hnmn1+WWY3K/nOP5VS2hdaRritKEP4UR61YU68MNwiVO58PXNc8L002zqlotskkNGorumFuBUMBW7NUzrvWcWRGe7yVnYSCCOCPrTt2hanSxFdIe8W0kc8Yrx3rjtBulyuCLZGUsAuFK8H3pRCVsuOidR46Y8rLJvOiaUu84vKYU+tZPh4xUx0RZ9I21SOITTnUNpTleapyxvwIEhlvUt2diRSCVNMDLzo8ufLJ49aulWsNT6R7MJ+sdB9mttag29pBW9cCFPrClBPebT4iRuSa641yte04Z2V0LfsJdNvVqbZxswkdDsPT9Kr7UOtLQh0stzEpzxggiqP7VvtRdoVxu0Bmz3UOl62xnprf7NDCGZage8aQPNI4wfOointO1/cYa5l2srL7QURkN7VHgeX51rH0153MxfrMZcKOC47zfY0jPcOpUM7SQc81A75HRKKsNhZPPSoGxr6Z8c2t63PsNrPOOQPyqwI9xt1wjB1pDgcUPOumK8JzWWR1SaHHTbaPhu7Lh+7wSn2qKds0JKre3KZR/8AipDZXFR5ZTggOcYNa+0iAmVpp7ZlewEnI6H0r0oPdyeJZDZlHnPcFMpScJOTk175/wCF7cLM7c9SxHXEtXaOyhwALwHWCQE8eygv9a8CPAoSQeNpJPucjyr0b9mLtE0/2V6ls2sYcCY9KaiOx5uxXdJc3uE7VA9RhII+tax7OLZKaxE+wZJTxuJA8yP1/nmsVqznNQPsm7YtJ9sNjN3086sPsgmVDeV962Sc59xyOanCjxyrJx1rpXKMJRcXiRjWt1WDx6VluwK0uLNCrNa18VyOLODW51fFcji+DVo9lGc7y+tcD7pFb5K+fyptkO4861j2Zz6NT7x5pvferZIeODzTY8915rVGLEfkEZrgeknmlfe96b33verIozJ2ScGuJySawde681xOPHPWroozoW+T51qMgiuRx73rV33vVip3KlHP/ehMjI5P86b1Pc9aTvvegHMSMHGa2pknimgPc9a3tve9QyUPDb+a6G3vemdt73roae561UsO6XuKK4w9xRQHtSiiivKPVMVdaSs6KAQdKQ9aFdaSgCiiigCiiigCiiigEV1pKVXWkoAooooDFXWkpVdaSgCiiigMVda1ujcCjxeIdR9CP862K61iochQ6iiWSU8HzL/4gFie0/2wL1A80Uxr1azsUkY3Ot4Rj9AmnP7FF27/AEzetOqdw7GUiQkA+IBSeo9quH/iJ6HhX/s8tmpI8llMqwzStbZWN6m3gEEAdeoTXmf7GF5Qz2gTrcheUyojjYx6JI2/+3H6V5+pinF4PY0ljg1k9FyLGuFd3ZyUtKU4kJWpSeT9a4rtqq3WCK65LeaQ2kdMdfYe9SW/zGmXXdmCVbvLngmqA7Ql3aa469aYC5cvJLSXuEoUPMDzNfM3WeSe3OD7PTRxV5MZJK/ruRIaMyfdkWi2DJClqwtSfXnp/jUMV9pfQDt4jaJ0bp1F4u0tDuJtykBlhO1KiTvV5eE49ziqsb7H+2HV14Tcb867KRu7zuCT3YHpjp5VZs77JSu0Ru1O3GzIsSYDPcPOsDAkI3Zxj1yo816Gmoor5lLJwaq/V2cRWEUQ79oq+aquhiM6ZgN7XQ0QjI5KjgZ88ZqyoxuVpuDSNSaedShW1R+Fe3KIPtUhP2UtJ9n01Syt11pLyltOvODOc8cCpZp/T6HJxkQYxlSN2FOOjKUqA6pz14xVbrNPFNI10NGp+cmSzTkeFbVW2XbkyGlSm1KLbwwoIwMZ/nUxm3iVJilptasKTj6UzM2t5LjTsl7vHyAgnpgemPzp9ct+yOR+IJFeK0m20e/TFrGSm+0YTxGc3LKihJ8J/OvLF2YkKvTj6DtdDm5Psa9k6/ZZTCeJRkhOM15O1DHxdHSgYJXn+det6d8GeL6usyRaPZs9pTULCW9R2dC5SAApePFx0I/PNXNa7TooBbMt511qQ0W1NOnKVA/MD+QGK89aGY719pSFFCwcbh+VXjbYU5TCO8aQ+gnp5ml89jyngaaHmhysmvUPZ72bXBlTzEdlKicJJaSVpAAAG7HpUBuukdJ2VC1DY6OcB3BxVgTbXDJIfgvIGeiFEimpvT2l3X1GTDdVzx3mSKwV9ufllG70tOPjhnn+96ZjXm4dxp+3N7lqwpaUcCnSHoN6xRymWkKPzE+hx0/lV8NwbdET/VIjSUJPG1AFRnUjPeocJa6jjIrphqZT9jOKzRxr96KjlRG4621o9ePY0l3aMyzSmVHJ2k/Xiu26IbRuSkkkKP5e1aGlpUhLZHCwU498V7dEsxPm9XD3HnFuym4XhcIpwEukkeoqdyHGNMwm2yzuUR922njB9T7Vrcsztv1A9Kcb2Nl7jjrzTjcoJuynUvAZCgUH1GK2fRnpYpS5L9/4deq7s524XG2zZq+7udlkFLIOEh1C21J/QBdfSfIVyBgeQ9utfLD7EyHbT9pWxNIUSmSiUwv6KjO//bX1NSoKG/pu5x6VrpfgzD1aMYXJIVXStCyPWtqyPWudZHrXXHs8pmh1WBiuJ9Zwa6X1Y49q4H1nBrRGc+jifXwaa319a7318Gmx9fBq6MGcUhfB5psfXwea7JK+tNb6+DV49lJdHI87jNcD7mfOul1fhNNzy+taoyZpedxkZricePrWx9ea4nF8GrFRXHvetCnuetalrya0KWc8VKDOlT3PWk773rl7yjvKkqdaXjmt6HjTcHSDW1Lx9aMlDq09x1rracyeaZmnjmu5lzPnVSyHUO4FFcgdwKKFj3ZRRRXjnqhRRRketAFFGR61ietAB60lFFAFFFFAFFFFAFIetCutJQBRRRQGKutJSq60lAFFFFAYq602ajuD1qsc65xmlLeixnXEBIyc4pzV1rRMYRIiSGHMEONKQUn8WeP/AKqpZnY8fwaVbXZHd1lHirWVsh9rGmJxky3nX5WSS+CFpWkhWMeXTFecvs7WiZpHtwj25xBaWzJksKBH4QDjH5Y/WvYljsodvV6ihnIjPKWAOiU7Sf8AWqZvWk5Nj7XbDqq3sJTEnuBiQrHKVK43fmAB+VfMaS+W+UWffepaOvxwnDvgte8x2nniSM5SAOPamIaRZlu9822FKT5K4A9z6/SpbOjb3SonncRgeWOP8qzgRCFnkgZrzrIN2No69LJOrkigTcrWoojxUrx8xGEp/Kmu5ap1U7/VoZS0AdvLm7A+gqe3C0GYdpUop6ZFYQdIx21BaWgonngdalVzOv2YKxZ0rOu8gSb3MkSAFZCcYTn0xUvtVnjw2VtRGEAoO04TjHAqwY2mGUAOPNhA8h61z3k260xyttKSv+dUthJR5ELY5wiFLgdytLzpTkHPSnBLBdaK1EEnkD2rkU+5dH0pbAwDuI8sU+xLYDgLPzcjnp7VWMODTyYKb7S21IjOtBOCsHgfnXk/Ubbke4uZ5wr/ADr2z2g6e7xRwDgpOCOeea8n65sLrUxwONlJKiOnXBPNetoGvjI8z1WLkso6uzqVCNwaZWoIKsZ+tepdM2FEyIkNpCVBO5J9fevHUK2S42y4RXi26kcE9Mir17F+3aG5MTpu/uBqW2didx+ZOBgj881nrqWpbl0Z6DULGx9lwyNOBaO7eZ8QHJxTPP0uhABS14fWrNZmQLlHC2VIKSgZ+mabbnGQ0244UgoBynHkMVyro9HdkqG62gRkKU2jw9FCoFqF3DjTK0EDJ2nyxVz3+MQ33uAWlpzk+vNVRqtqOlxveknk7fY100dnJf8AFlR6ijhLivF5k8U0RHErbQTzsUefSnzVboZ3tDBV1JFRm3vpVvCT1IzXvUfE+T1azJkS7UH3Lcw1Kj5K3VlI9jURtF4lYbSt4qcBBB9DnmrG1xFj3CD8M6RlKt6SfU8f5VWYjtQpiGULCynqRV32Rp4cHrT7DGlf2x28K1EUbo1rtD8on0ccKWU//wBiz+Rr6LHO5WfXH+teMP8Ah0xWFo1lJKUl8M29oE9dizI/+2vZ+ckk5yeTn1rt0/8AbPM9Qs324MV1zrroXXM70rePZws5XiPWuB8jaea7Ha4X/lNaIzn0NklWAabH18GnGR0P0psf+U1pHswY2SV9abH18GnGR0P0psf+U1ojFja+vrTe+vNd7/Q02vVdFWcby+tcTq85rqfric6GroqzQpZ5rSpfvSuKweK51nJzUlTLvPejvK0KVg8Um80B0d6RWxpzI59a5As5ralfPWgO5tfNdjS+etNzS+K6mlnNGShzQ5x1orQhZxRVST35RRRXjntMxV1pKzyPWsT1oVEooooAooooAooooAooooBFdaSlPWkoAoopKARXWkpT1pKAKKKKAxV1oAz+EHIKf1oV1oyQMe4IHvUNZ4Jj3g80aiff0vr26QENrQZ7ag2R5qJ2kfoume521YZQtyKlam3G3U7vw7T1FWz2uWFlF+s2o+6Ty8ULHv6/pUPuojyp3w7bqGiTsO7p1r47VVunUPH8n6XoNVXr9LGb7xj/ANDcfEpJUgEkZz655/zrsYZ3jhOOaFsIZX3AUFFHG4dK3x32k5ycY4+tS0m2/szhGSykbUW5bzRbbUUlZwFDqPWnq222Pb4+VrIT5bjXPBfj7N2Dt6/nTVqq8KZiL2LKUlICcHjPNWUlFZZot1j2MZ9ba9YthLTaslI2pA9cmoyyu53pbEmYSlleVfU1FXGpGptTpiZUoNqCnCTxjNWoq3JTEQw0QnuB4FY4zXK82y3fR3uMKUkuzgttvbj+It4J6Z86lVhtb1zfTHQlOEeNWR/v0qrNTa0vum5zTS9OOS2kcKWwvIA/e+tSXTfalbhE79qUuO4tOChzgg1eEVF5ZzWtyTSMu0aMiG6tOAEp6j9a8xdq7cJtsujZk8j65NXH2odp9kiQZE199Lihz83X2rwl2r9s8683V5FuQNgWUpBPhArtoplKeUceq1EK6FuJq3emQ260VBSEoBz/ABZ//FVtfru7G1VHulveUh5pKQSk+iiai9u1TqS4AMmWgA/hCcfpU601o9Vwebek5Kl4Uc16cqtq9/R4kLHY/YewewLtLmXizNs3IHeGwnKj1GBVxTrq04ySEKWMc/SvOvZpEj2ZhCEHapKelWQdWoiNoRJf2pXwFelfPXPxzcY9H1dL9qydmppzbjKMrIP4Ue1VBqq7RyqQgK3OJQMjPy8mrFuryZsdUhtxK0gckf45qldZTEtvKYYbBLqiCrHPHrV6ZZeCmo+DILqeWoFS1LzvGAT6VHbXI2yAAepxXVqKZ3qth5UlRTTHbHyhwAnnfk/TBr6DTfE+N1izM59b3NbdxYhMtqU6Uj6AEmmMWIwnUzJ7gKHBuGPI55FP16C5N/k4xja3g48tgrauEm5wv2Y6SHchTZPrkDH863l0YwltaR62/wCHC69cJuvJ7TZRFDNvabGPQyP9a9ukYOfXkV50+wboFzR/Ywu7zWO7laguDsnOMEtN/dtj6bkrP516NUNo24xgAY+gA/yrvq+J5Oqlm6Rpcrld6V1HpXO70rWPZzs4Ha4X/lNODtcEjofpWiKPoaZHQ/Smx/5TTq/8pprk9D9K0j2c0uxpkdD9KbH/AJTTnI6Gmx/5TWiM2Nb9NsjrTm/8ppte461dFGN7tcTtdz9cLtXRVnG50Nc/kfrW9zzrSelSVNCutJketZHpWugNiSMdayHWtI61tBGetAdLascV1NL5riCsGulg5oyUd6FnFFYpIx1oqpJ9BKxV1rKsT1rxz2mJRRRQqFFFFAFFFFAFFFFAFIrrS0h60AlFFFAFYq61lSUBjRSnrSUAUZHrWKutJQCnrSUUUH4/kg/bE0s6LdltoyuG+26PYE7T/I1QV8uEp5pN7tCi+l7xFGflV5ivUmorWL3ZJlqIB+KZUgD1VjI/wrybpeyznr/MiKKmIkZ4h3d039VDH51816zVmcJH2/8Api+ENPZBdof7BeX7pbFvPtFl1t4NqCvYA5/nThHd2o7xxW5YUQB7ZrTdRGaf+GtzKUJUcqI/FjzpuZkrUtSXMpBOQPbpXnWz2wPUplvkyRtTiEFKXMEnJyPKo3q2QTHUVukjb4UjoK7FSAhsqQogggVCtbX9aLpGsjZP3uVuH0SP/wA1zeTfwdcVseTs0hFZtrzk15YS4+rbz1PtUsuOoYcFtbAWHFqwCEnkE8AfyNUHP7QpMiZGbYSpKG5CmiB1K+Anj0/1qw9OWxBDl8v8kgKKHAFKwBtCjn9Sa6ox8SwYSsd0uBovF7u8qVJbtaVPrZWW3XNnCeAcfzqPvaa1RdWEzlRQgNDkA7dyf3v9+lTMay0nalOohth51Ryog8HIFOsDW9kMJ3dGaCVpwpOecVdNy6N5US4bPO2r9Jqv8GXEZhSkuMHaohR2n/eapm+/ZsvzhTc4zC1MOZPIOQr/AHivas3UuiLUn4v4Z1a9m7YMYIyeKgOre1gzmPhbbBZiNY4yBkV0Qusr6MbfS46h+94R5XsHZDcVLXiM6j4ZWxSinz9f51Mo2l7xbXkJEVS0MqwFIUQTwKfbz2jP2wq/+YpO9WTtR5+lQW+drV4QVOpW6QMJSQ315rrjZZNcnnz9PqoftkTCfrW/2eQy3Gjq9FcYVih3tNmdwI81DhZUckYOUn1NVLK7W7zPmIZXGKyleQFI88Cra7OLdqXV9xiw7nZoqY8sYDhGS37kVWyNcY7rDGNdu7EJZJt2W68bvF2RYJC97EtRbRz4QrAx9PpTR2pWx613BwkAJAVkA9eatrs27G7TY71KfaQHdstkKWtPyrbyoqT7EKA/Kq8+0TKZTqZ1GEpSkBQSny615sNrt9p6OZLTtTKK1GWlTWlxUlKFMgryfxc5/wAqZoYS2sEjnnPsKdZh+IQlCOd5J/SuJGBIbKR4goAjyweuf0Fe9RnHB8vqGlnJhNcZbu0jek87Tkf8oq9fs+fZu1R2u3iPd7lCet2nY6guTLdSUl1PB7toH5lKGOegr0n9mf7OfZO/2f2TtCvGm2blerpH7592WN6GyFqCdienRIr0rHisQmURosZEdlsBKGkJCUoHoAOK9CumUuWeZZqIrhHFZ7NBsVph2W2MBiHBZSyw0B8iB0HufU+ua3uDFdJ6VoXXUlhYPNzltnIuuZ3pXYuuZ3pVo9kMb3a4X/lNOLtcLwO01ojOfQ1P/KaapHQ/Snh/5TTVITkE1dGSGeR0P0prf+U08Pp4NNcgYBq8ezGY0P02yU5OfanV/wCU02P1qjNjc6MVwu04ug+lcL1XRU4HPOudddLycnNcyxipDNB6VgOlbKxPWhUSlHWkrNFAbUV1Nf51zDrXS1Rko6E9KKE9KKqSfQc9aSiivHPaYUUUUKhRRRQBRRSHrQC5HrRketY0UAp60lFFAFFFJQBSHrQetJQBRRRQGKutJSnrSUAUUUh60JTS7A9MpOFdM+3nVS6w0DMg3OVdbTGDsSU53ziUDxJJ4P8AgKtjNKPMAkAj0rmv0sdRFxkdei1c9HNSiefrvBhItYkRxseSvG08Hy61GJLASpLuOQMZB4r0Dq3SFpu9skOtwkJloQS2tPGSOelUKpKFAoV1GQR6EHGK+b9Q0b0+1Lo+u9O9QWqbb7NKVF4JTkHG48flUD1ZY5jms5L7raloXZnu7I6bt7dTpgpQ6RjjNSR22xrlEQ62hJeabUnJ64IrzKo45PasmscnhzUWr43ZvFkXaYyuQ+tzcARlQUTjaP0pthduHaB2lym7BabYGe5CHHUqXgNIJISTjrznNXh2mdlkG6agjqXDaWyxKbLoUOF+Z/xqJag7B29HalRrfSAdY77KXG2jlOCehHpXpVWVTXuM9NXKEsroluhuxGZcrX+1dVXOY/MZUe/ZjeFsA4I5/OrTH2erLLs0F5MSS24/JSGih1WCnA+fFc+je3K2W1lDF00w8hxcdLEtbahscKeAcetWBZu3i1P28x2LLM7plQUBkEfpVoqLl3hHRqb9bFf0av8Akj+p/srWWBakyS5KJ7spXtUTvKj15rY/9kTs+g2FSX4Lj04sbg446ThW3piptfu3u23CEpDMN1TiWyUoUnaAQBURvvbreHIKDEgR0lbaNxWolSTyK1cK128nkwfq2p+tv5K61Z9nDRNu7OPiW7fHE1SFOh0jpg48/wA6o3tw7O9H22LpKFZENuuBYVcFNkHKduce3Wp72ha41UmKbTNvrzjCMhLY4T4iVY/91U08u6XKYUMtKUB4SADitIR/8TsejvXN8skOhdm9qe1M9dcKcbLpMSPjhI/i9fOvRnZvZlMb5DGA421hK8Yyr1H+/KoHabT+yih+WguPqXhKR5dPKrdtBTaYCVupKFKSFJUR+tcursl8WXpjGC4LHspRbLG5NeUA4ttbjh8yrA5+vH8q8bduGoDdtSSFNOBSirYCPSvQ+ptdsxLW+ykFKVsnZXkDUt0RMu70hax4lq5Pr1quiq92Tg19m2DgMipGxaB5toOfrzWi3lT8xBAyokrCf3j5D+dcr0taitxZGV9Ksb7O2il9oHavp7ToRuaXLQ/IGOAy2dys/kMfmK9yqOGj5q6Wcn1C7LbEdM9nWnLApkNrg22Oy4kf+oEDefzVuqTq60NJCG0pSMAADHpWVequkeHPtmB6VoXXQutB6VKKHMuuZ3pXWuuV6tI9kM4Xa4Xa73Oh+tcL9aIqNspOcn2pqfTwaeH05BNNclHWrowmM8hHBxTVJGAR7U8vjAIprkJyCavHsyl0Mz4yDTa8gc07Po603SUc/lWqMxrfGK4XU5yacX0VwOjFXRDOBxFcrqOa7XPOuV2pKs5VIrXjFblVgpOT1oVMQnI61kkYNJjFKFEcUBtHWuhrrXMg55rpa60JR1DpRQOlFCT6C0UUV4p7TCiiihUKKKMj1oBFdaxKttZ5HrWKxmgEB3c0tYoGB+dZUAUUUlAFIetB60lAFFFFAFYnrQrrSUAUUUiutAB60lFFAFFFJUEmLo3NlI6EEn8v/wA15v17aF6b1O/EyQ2tXep9ClRJ/wBa9IlW05FVD2+QsR7ZOQE797jZPnjGf864PUafLXuPT9Iu8V6iVc6VPeNhXGc8+lSHTk/Y53TxwMfNUTgOoz3ZVgK8qcoEhLLqkAqCQfOvktmyR91GXkiOepLMiY4H2W8qScj3965I8YpwyttC0LT40rGRTymel1hC+dvKOf8AfvXGlaY43kBQT0q8ZbXk1rk4rCIjfezGPIUX7QvYtfjKT5GunSOjLxDm93MZSpjbkkHrU3gHv8upUAFDkA9KdA8/DjOGMyFrQglOfU120LnJrPXWRjsRFrhp2OjvkR7a3vU2NpKscgnNQe82y83AfDxmGWmlfPtwePLn6g1KtT6rusAPBpLSninwoB5JAGQDVWMdoV5uU3amOsIURuSlGClYUcproksoxp1kqmctw7NpU13fcZfgB8XP8q4XbJarOVsxG0lQxlRHOalDF/fuLRkyHcIUS2pJ4IwTz9eabrjBSuQtQThPUKPUjrXK57Xg3utlqeWRaLFLt2X3qdxbPeJIHXPGP5U9Xid3kf4VGMJThSTxtPka6YKY4cXJWhKDtHiPmaheob6pEqWt5wAJICQk43Ae1ZL+s8nJY1RHDIZ2haqmW6IbbNB71aFIbWlX+/KqOus4SZhRjwIAI+uKmvaZfIN0mp+HLja0KwUq9faq7UUkFxXJJr2tPViJ8xq9Q7ZN/RipZeVu/dORXs//AIdmnbe7qjVGopDG+VDgx2WSR8qXVLKv/wCoV42iMpK9/wCHzr3n/wAPGJttutJmOFqgtj6APH/OvQqjhnlXSzFnsXG3g9Rx/p/LFFB5JPqaK649HmoxXWg9K3LIrSelWQZoXXM70rrPSud3pVijOFzofrXC/Xe7XE7Vo9lGNz/ymmx9OQTTs/8AKabH/lNax7KS6GiSjrTVJGAR7U8vpyCaa5KOtXMZdDM/8ppsfTkE07yUdabXUeE1tAzY1OI4NcL4xTk8McVwP1coxudrkUnOTXe4MgmuVQxmpRVnKoYFatua6FjzrTknrUlTDG3jNGRWSk5OaQI5oDY1/nXQitCRg10ISDRko3p6UUJGBRVST6DUUUV457AUZHrSK60lAKetJRRQBRRSUAUZHrSHrSUBnWKutA6UHrQCUUUUAUUVirrQAetJRRketAFIetB60lAFJRSKoBcj1pD1pKKAKrLt0Cf2PblLTkJkH+YFWbVZduZT+xoA8+/V/gK5dZ/Ykdvp/wD1ESg5SlxJCijATnIrsjXAnDu3OOgB5J9KHYglR3ELHj52mmBMyTBWWHEblj/D1r5By8sUfdQXhbJMNRPSrnHii2yEBAJccKfAAeAM/wC+tdC5jrTZadeR3u48A848qizF/VHQ4DKQW1A5aA3rUr146CnO1xJD8T9oSErU49yncnoapswb1XJy5JDb7gY6gzu2qeNSBd8jhlCHljBGFDdgn2qtb4LnGHxrDzeWuRn1puRqph2U1FuslLa0/MkA5VmtdPY1wdVkIT5Jpcm7XMkoeCUltt3ORztzz/8ATUTkssRVGQw0jYpRUCEgEKUSQr+dSeE2mVFHwTS/hQNgKiASrr0/3500XDTK3CHHJeGnRhTZOc+gFdLlkz9i4Ircm4zTilRsFtWApB4IHrj/AJs1HbzqyPb1LjurJLAyTjrXbfW2YM1Ts9LyX0JLaBu4UkEnB9cZz+dQnU02KhcNCjvZfVhzwfMnyz/Osdm94LOcYxyh9laiaVYm5qEFBXzyOarnU9+YlneppAcQ2rcoHqK6r7f2IsGRBivpUhC8fN+HA4qoNU6uYjofQncDnAAPlXbpdKeNr9YlwMmrrgHZu7vkgFe5JzkgEAYppbSrwoK9wBzmuJctE51t3BUknJPUg1tXIShSkNqJJ6E+le0obcHzMp722OcZYU8W09K+hP8Aw/IqxoLU0sEAOXJpn9Gc/wD1CvnlbgUqSrzNfR/7Abe3sjvTx/Fflp//ANEetqvkc+o+B6cJGT1HiPX6msT1oOckHyOKSuk4BFVielbPwmtZ6VKDNC65neldK65nelWKM5HOh+tcTtdjnQ1xu1aPZRnC/wBDTY/Tk/XA/wDKa1j2Ul0NcjofpTVI6H6U7v8AymmqR0P0rVGMuhpf+U01vpzzTs+Mgmm18YBxVkZsa3xiuF4ZyacHk5zmuJ1HWrooxvdR1ricGK73RiuNzzq6Ks5j0rQrrXQutNSVMKKVQBOc0qRgUAqK6EVoHWuhr/OjJR0I6fnRSp6UVUk+gSelLSDpQeteOewB60lFFAFFFJQBSHrQetJQBRRRQBRRRQBRketYq60lAZ5HrWJ60lFAIrrSUp60lAFFFFAYq60h+WlPWkoAJFGR61ietJQGeRnGaqvt6eDdvtKCcEvOcf3RVnuOoZSXXVJShsFa1E4ASOprzl2j9oUHWd5ch2x5tyFal922pDoO/cSCT78Y/KuPX/2JHoelrOqiMDaVIVvAyFAf4U0aitSZTBeQShxPIwcZp6hAOd2oDg/5cV1vwEuJVkeI9K+K3bMM/QfGpZR59c1BN05qJxp9pqMFrKQ+5yCMDPSrSsF4tdyt+4Xd4ISn5twSGx6pHnknH6VHu0TRzF5YWEAsymPGl1KdxxzkD+VUCxqK+9m1/W1fHJJZdd8K1JJSR6nyByW/0r0qnDUxwuzzbVPTTy+j0vfZkFMQb5Ty2VBQWtYwc5TwT5UtptcCZcVy/hEPN5CQpTgKkKPKSB+efzqop/a5bbolK3ih2MAe7SpWCvAGVEf9VOEPtNiwri1IjS22GXEhalbshY2kpPsQlKR+Qq0aJRXJo9ZFtJFw3nVMSxOMtuvPlBdKG0JT8yEpB3fXJI+hrND7chBEZ5KW1AvlS15Leedv5HI/Kqg1D2yW5xliPDQ0qRBbKUvOcqIwOnv1rRK7TbYjTzUxq6d5Lkrb71SUgJISCf8AE4o4NdB6lY5JtfnbdMtyrxMktPtNLXFPGFAqAyR+WKpHtH1DcrBNaaioZfghAbaPU+fi+tM2uu1h6VDeS28Gw6QQhBICF4AP8gKpe/8AaU7ICmXpKnjz3Sic7eORXdRppPlnnajXLDUTrvWqFNze6XIV4lOKVtVxjAqE3O+NXGS4vJOTgHPlimSTdfjkPv8AfEHPCfzogR1KSUryMK4P5CvTjHxxPBlOVr5H22uLbSrYoZV6V3x0lTgJ6+dcURpSgMDGOKeIjJHJ9absmkY4Q6QBtUkVfnYb9pi9dhd0j2lTPxthuaw7LiEc7iAkuI/iASn9BVEQ0ndnFbbxNjw7lCkSMFAZKeTx81dGnaU+Tn1Scq8I+xmi9aad19p+NqXTNwRLiSkBWQfGhWOUrHkRT5XzJ+z/ANtd47PLkTpl3v4rjm6VDWSlp5O4569FY8x7V9B+zbtM0z2n2FF70/KPeoBEqM5wtlY6pUPzHNddtTi8ro81SS9r7Jeela/wmst4IGPPnHpWO7INZFn0az0rnd6VvV0rQ50qUVOJ2uF2u52uF2tI9kM4nqb5HQ13P1wP/Ka0RnPobX/lNNj/AMpp0d+U03P/ACmtI9mDGl/5TTY/Ts/0NNb9aIpLobX055rgdGKcn/lNNr1XRmcD6c81yKGM12u1xuedXRDOZdaT0rcutJ6VJVmqsk0J6UfiFCpmiuhFaB1reijJR0J6UUgVjiiqkn0Cooorxz2mFJRSHrQqLketIetJRQBRRRQBRRRketAFFGR61ietAB60lFIetALSK60DpQetAJRRSUAtIelGR60h60BinpSK61lWKutAJS7sD+dFa3nG2m1uOuBCWxlSj+FP4if5UzhklYdvevYWldLKtJUVzLsC2hpK9hKBzyeoB5H5V5A7F9WQ9T3vWHwNrbgtx7m0x3KDlIKWwSQfP5utWf27Ny9TzL5rx5qUIdtR3MdaJAG1rxA/dHkD5zn6Yrzv9nSSi2ak1bak7w+3Naee3qGSpTKc9PLjj6Vy+rvx6bB7HodW7UJnqC3qUlaOAemB5YxT6gJWSc5zxio9aloIbBSVEpBGPTFSSG2Q4lZSEjpjNfEOOeT7qfsjgZ7pZm3woIwFODacj0qs9W6Dh32M5AuENL7Lhwo45TjzFXY9F3FalKzn5ajVxhbnSlSOfPFEpQ5j2I7Z8SPHWrvs1ajYlO3PRl0UvCtyI76toP5/5VTl8tvahpeY+mdZ5Z7pK0LV3Z7tIAzx6/Wvoy7bUDahKd2TnbWp3S1quLbjE2MlQWAFAgEYrtp9TtjxJZOC/wBMqteU8HzUOsb47GQ3LakJJSFKJT5dP8jXBK1peUMKQ0hxpIQtRRu4Hy8D9K+jV7+z/pa9NOBq2RUAIwlSWEk1S2rfs021l0qajI2JGMd2B5nyrvh6hW1mcTgfplieISPGN0v8+4SEPPPZRyNu4/4UxlmQ4pSlblA9OMYr0vd+wlERbhEVO0HOcYqK3Ls6jwgctAFPtXVVrozeIHFd6dKHMin4FpwkAtnBOefWnmLbFEjAwBUuVp9CDtSgAV3Q9OuuApQ3gdc10+TPJzqjDwR+HbiOCKcExA309akKbKWWwEp6DmuN2MUg5GMGm7Ide3k0MjaPyqJ6+lBF0s/eL2NqQ4lRPI4IOKl48Cc5qt+1FxZk2lSCc96pPB9RXTS8NHHesxwWJp/U8ODFZXGJBypQKRnKc4/yqyOzjtp1ToLUTeoLDPcaC+XEdUuIHkR5/nUC7O4bMbTsUuvxmI4aIeLqNxWSegPlnipbPs8JN7jBllmNHfOEgHwJG0eImvdrkpJJnhWRxM+inYj29af7YLQ3941EvYRueiFWO8H7yPUdRj2NWoSCRtHHlXyhtqpWmLyzd9PX9+HMgL3NvslWwqBz/wBJ9K9w/Z6+09Z+1FlvTOqHGYWpWU7QT4GZxAHibPkr1HtXPbS17l0XhZ+0vpdaF/LW4qSRkEkHzVxWlfA5rA0ORzofrXC/Xc4Rg8+dcbpHrVo9kMbX6b36cpBGDzTY7WiKPo4JHQ02u8JNOT9N0jrWkeznl2Nb9N79OUjofpTY8rGRWiKs4H6b3675Csg803OdDV0UZwv1xOeddr9cTnnV0UZzLrSelbl1oV1qSrMR0o/FSHrSjpQqbARnrW9Fcw610NUZKOlPSikC8cZoqpJ9AqSjI9aQ9a8c9sD1pKKKEMKKKKFQooyPWsT1oAPWkoooAooooBFdaSlPWkoAopKMj1oApD1oPWkoApCvbxmlrRIQokYoDeDmsVccnpSJBSnCuOM5qJaz7T9LaJid/PlOSHVuJYRHjp3rUsnA6dMHr9RVoxlJ4iQ3hZJRKkxoUdyXMkIZZbGVrcVhKR61W+se1ewO2aSxpyU3NWDsWsDLZPQJ5+bJ2g48qp2/a/v/AGsSpdsmQlMxFPBEZoulCW0DJ3qweVEBfHpgioOtDtk/ZcdMp9+Hbbg8la28bUvJ7srK8/NgEYzx1xyDXZXo3LD+yjmNPaLq2LMsk6yx3kPOySFOLKtjdwQApTqCfI4Sog+ezHnVBdg659u7WLxbri2qPIu1tYn7HOFKKXFpz9Nqh9AKuXtks2nYMHvoO92amUw21b21eBPepDod452lrjHkQa89xdafsvtp0tf5DCYjJD1pfQTztWSsZJ56nzrz/WqlZU9nSPb9Gt2XRZ7ksb2AElk4VwDnoP8Aeal0LKUBAQePM1BNPSwtIS4Ny8Dp6EA/51PbcypaEKS4rjhQP+FfBwW7B93a9uTscbXtTlOR7Gmuc2VrIA2pxz61IWmwvw4CT5fSuadETwUp4PBV5Zq8ocGCnl4Im5EQjluRt56HrWbCHWnEhxGRgnNZyo4afUd+QDgYFbm0OBGSvPtWe3B0x6O63z0tlCdgAUNvIrgvsCOtSnShJ56FP86EzAw8kqSkhPOTTVqnUcKNGVILysY8QzwK1UdywU6lkq7tIkWq3wnQdvfOqISAnpXni7rfuC3FqRgZxk1L+0rXK73c1RYyz3TZI454yfOotGhyn44dwSlXQKrr08Niycmpn5PYMUSzNSHwCndg4qXQdIOra71DScdAMU+aT0gp51OWEhSuSCas5vSwgRB3bASSnJV5D/vWtuo2vBhTpE1llDXTTymUr3sngZwOtQm6RS0FAD34q79WRWmEKS2kEE+Ik8mqi1AgHeEDCAePU+1ddE95xayqMXwRFfIOOar7XEQTLhamCkqKpaAE5x581ZLiM4wnb7Co2/GYf1dYW5QCmzOSSnPUgEgfnivRrfR5F0cIuG1WSHF0Rh6FCchupbJKB94nCiEKB6YCt271yKaNU/1mDFXFkkhpC2FNLAwgjngjoDnIHvVwXS32tnRsG2KjNtgkSXGGFbsoKRlBV0AO9Zx+8kVBb1AtMjuWYlociTigJU2fCzIUkkEp88kgkfWvpqYYgpHzuo+RAbDJvxUYQafeQgBspSndjjp/Oprp6z3YSUSIsURZCSC2sqKSVDpgjoc1wMh+cVd1CXCR3aXQoKypwJUoKOfMceXpT3Z3bZEebU+293jid8douKAIJIB9hkH9K1xu4Oc9idg/bXebiwjSPaQ/HTPbKG4kwEjvyMeBQ9R6+4q9lngp9DXztj3Zu3WyfeH5MtL7KkBppKiEpV6568Ep59vavS32d+2ydqizM6X1vlFzaRiJMcOEy0ZylKj++Bx9MVw36fZ7zeuzPtLyc4yD61xOketdTvGeRgdPYVxu1zx7NWcT5HrTe+R612v03vketaIzn0cMjrTc/Tg/Te+RtPNaR7MGN0joaa3+hpzkfLTZII9fKtEVY2u1wPketd8lQAODTa6c81dFGcjtcbnnXW50NcbisHirooznXWkkY61sdVk1zqqSrEoyKQ9aQdaFTait6K0AjPWtwIz1oSjfketFY9elFCT6C0UUZHrXintMKMj1rE9aShCM6xV1pR0pD1oSxKKKKFQoooyPWgCkPWg9aSgCkpaxV6+VAB60lHlmtEyfDgN97OlNMt+q1AE/SmMg30dckeXWobeO1HTNqQsMuOS3EoUvCBhKceZP51WWq/tEuuSZVtsq1sfCNB1biW9+TgEBJ6ZBPNXhTKbxErKW1ZL2nXKBbWFPz5bbDaRlSlqAwPWoXcO2LTDT8eFZnDPlyHFNxwnwocUBk5UfQV5y1ZfLteIL41DcZLrE4d6JURYKNhCVdCcnCkkHHqajloublzty27bdUPuJfW+xJBPeMrON23H0Axjyrur0WeGZO0vbUHaTq69vORobCGGEd4y422+EEnAKiSevGRgelNjjjdltTcq+Mx3W4zXxKJAWS4peRuBSec+HI9SKqJlvUSpjSlvplBY8bjzJQ4DnkDB8Rxnj+Kpq7cIdjsQVOSJE2QvYjccAAAZOPUHccewq8tPsXBCs3cDG2ULcgSbRanHLnNadU4nvu7RFSptY3Z6BW1PGf3SPSsHIlkuaWVWhhSm2S1HZisKU4uaE7ipSk+61gFXns44NSyzWyTpm2uvXdpLs27u95Kc70JQhsI5Bz/CpICR6mohde1PS1odXGtFzs1vjNJ2yH2lhEouoKQGEoJzkggDHHBq1c9vCLtZIRr3TTuo58qfqCOuDc4MYSZZZVjP/AJKAPIEd25kDpk15R+0DBiMMR9Q2tK21Qn2n0FeSpaCRyT5/P1r1tqK9LvEScblFlx5kh9aobgRuaVETlJQoDPOSv8yaoHtlssZ/s0mIiNFamgWGTv3AJSkZB/Mjj2rztZulFpnqaJYkmekex3UsXU2j7TeAvcZsZtalA5wdoq5bU8pYQpBykDOfWvD/ANiXXwmaVc03IeAXCUCyPRHGK9kWe45CU7uRwcV8FbHxWOJ97Xb+oqT/AIJsw6D4ynk9TSvshwBLbnJ55riiOZSMAHcc5JrvSnjveMp9KvjKMmtryR6cypDpD6QQOQpIrQlPKVpQFjPJHp9KfpTLeA2ogDOd2K5jCaZBUpI56LB5qNpsp8EbvqUBha0E4OMAJ6VSnaI1cJjLzLMl5OeAkHgir0vkNZa7wB0j64FV1eLE5Kfzt2oGTnPnWTTi8o2jNNclE2zQyTl6QeR4iVDz9h5mn2PpyMwUpCfEsbsnnP5VYydOFtkBsBSldTjoK2W6yJRKQhDPeEE8noDW7lJ9nOtv0a9F6dCdsn4XasjdvWOMfSnLUTrTDCy+tQUnjKTxj2p9jhuNH7srBXt8W3yqA6qn7N7TKSAc5KufzFQiGVpq1xorU2Enbu4PUq96rm7QnnSsBkJGevtU7uait5RKifFxnzPrTPJh9+oowACPF7kV30y28nDbHdwV0/E+HCipOT0pktEJh/tA0886wHUMyu8U2TwvCVEA/pU3u8QrSooB4ODTfoHTs669otniwm0qeckJS0CM5WTtzj0AUT+telp7d00meXqacQZ64HZxbmLdMkwrfHcmBxktwHsqY2LitO43DoolZ2544V51FtYaP02q62ee3GeiSXGy0uI88EKhOREo8ODwvcFJ2nz7tZ9amuotSvaG1PdorNzffYnRm2phjkBTWBtbAJ4BAA486h82wft/TdxkW3WrUxtCA4iJLRtkhxrK9iFK81ZWk+WTjpX10YTUVL6Pjpv3NFeXbSV2SpwRoCWja1IksoU2VKQ2oY2EdCACN3PJJqLQpkGRHXKm2l9qbFdd7xzvgloqWklAUDyOpIA9amdz1itm0NzIOo7i6lLaHHG3UIJbJQkeH1QMdfrTPp61We8Ph+bPalLkvpcdCAEqKuiVFJ69T09Ksn42ZNZ4MDAcucOMmW+EQ0eNtpnDrjx3HctZyMf6AVY2hL1atM21CnJDS1EgtKkoIU2cnBAHzcjyrfpfR9zgRZMi3ToT21tUSLFdjJQtKd+AvJ6AEkn1yKa783ddFwksaxiWuSYUpxUdLZSX3jnk56BPiOB14NW3qz2tZJitryXhoHtnuLUQuavmxZsFDhbVOihRUznkFwEcjFW2zOiz4qJkKS2+w8kLQ62rclQPmDXjG3dsMZxt1mNZ0xmVOIR3aOQtA4UT6qwMfQipdpjtY1xYLhJuP7MjM6UivOJEV77vclS1KTsI8wkgADjw1zWaaXaWDTeel3lFXPUVwPetQjTvbv2faldbiruvwEtY4ZmJ2E+nPTFTAvtvI71paFIVyChQKcexrm2yi8MhyyjnfVgGmt9fWu+QvIODTU+vk1ePZmzkkr4NNj5yDXZJXz+VNsheT+VaIpLo4X1Y4rgdWea7H103vrzV0ZnM6s81xuLNb3VE5ricUc1dEMxWrNaT0rIqyK0qVgcVJVgOlHnWKVZpcj1oVNwIz1raOtcgVg1vQs0ZKOxCsDGaK1JWcUVUk+hB60lFFeOe2FFFFCGFFFFCoUZHrSK60lAKetJRSZFALSZHrSKIxycD1phvmtrBYY7jkmQl0oSVKQlQ528nn6Z/WpSb6JH9XUDoScE+lRfUfaFp3Tiw05KEl7JBbaG7GPXyTznmqJ1V2way1cHUwnharYXO7aU0DufWCM+Ic7eRkjioxcrnOsVsSEPTLhM79brrkdGENrUcbsHlYwBXVDSbfkYu3DwTntD+0DfoTbTdjbZa74lOEp3rSfIn298VDp+oNX3GAzK1DeEtKJ7zetzKVDqc56ZOwAD3qHPO35m6Zub4W4+jvUSXVtjCD05HTnPvWc65XfUln/Y8XvJTTTneuPqA2pUOgSrzzXoQ08EsmLty8E20W3ZdWXJVxmyilholLDRVlyQeoKx0KUgJJSPWni526NaFOw5MWA8l85THQjao/jIyehytOE+mKrSwwtY6ZubFwNuKocZwPKaDoCF70jCcjpuyPTyqX6iujr8VM/UMNyHIgJW8y0jxOKKmncJSocZG5I+mD5CsrKZb8xL1yzEbNUWiIizqd008pLjQ+8gTMODPVRwPlBJwCOKrjSKtNXO9PuuuO2QpG1SY6gW3COTg9Qealbsu66gjuatbtsgToUvumWUowZjbgUUpWkcbepPpgY608aM7PDACpWo7dCNzfxtZ79JQTgBBUB0JxwByfzrfyxrhz2Vcd7wPtu1Jpv4m32vTsB3dsUvvHEd4tZxt3rUfl8+PUJqvu1PUES2tT124tpVakAvSXF4badBKgyj95eTg+uOelP3bF2nRuzG32K1txY5vGoX2YqHI7e0MMlzYpZJGSUhSiM+aRXnbtgfmyNMPylLfbtTKyG3HOr6+pWfUnPNZ1pyTl9FpLDwU12zdsPaZqy1JL2rLglpazhth4p4yeTjr5jPt6YqldIInPdpGk0THH3VSL5C3F1xWHcvIHzE+h616N7Muyuf2oXWHZmGQHXHkKWD8pSCnKR+Ss/nXD9sfs1sHY1qTTUnSE9l+TDdYeUGUnYw42lKQknoTuR+VedZnycHVXjHJ6B1A1d4EeOtMSX91cLk73TLu8txC4oqSry4JCgP4qqa8X+23HRl0LqnEurdUPhucJdACSrn2IJH1q7ZPaVLvlgtertOMxpVv1RbmZ640jICXWwWnmSpI88NqI9COlUTqS0Myrs1+2G3Ijyy664I+C2gqBOMngncSn6AVS+MpLk69LKMXwVJ9nvUMjRfaP8Gp5SW3HS0rHCSAryr6N6cu6JTDbzbme8SMeXFfNfUVvVpzXTFybBS24W3AUjGDgDH14r3L2O6pRebHCWVbiGwM5zjivkfVavf5D7P0ezMPGegrPNbISgqUCPInrT8xKC0LG08e1Qa1voKkgLOc1K475CQkrwOpPt6V58Duujjk7/CtByQEkYriekIZT3alHA6EDIrelzwnhO08jJ8q4Zm5X3bQTyc1c50snBcZQWgpL5WMemMVErlLYSk7iODgJ9/Wnu6rWgd1sI3Hk5qDXZ2S44vaAgFXzedQ3hHTCBhNuDj7ncA4HmE+ZpztUV5zBShSAnnrya57JZZD7gWsBSiOFe1TOPBbt7IKkjfgYJ6n2qFLLIUPcRi9rTb2SkHuxjGfMmqa1VdFrW4lT6gsqw3t8vWrP1/LXHDrocAKvwnoKo+4vd9JUt10qUo8Y9K1gssmcdqOVttx93KgQgnqTkk10v25zZwgYxmnex2xLqe8UgBKecq610S4qA5gBSQevrmtlP6MVX9kEuVoQlHeKRuKuQlJ5J96fuwC1swe0tV9uRQP2fDdcaOMhkqKUAkeZO+nWTDZbawEJOBuyRz6U59k2lxedXmG1J7nvEF94k4OxBG1I+qyM/8ALXb6dPy6iMEcXqkPFppTZZo7NLlra5pnPsuoYcdPed2wQpwbiRuyepBI59qyRofR9rVGdvFvdiOQnBuC1B0b0OeJCtnJJyCB9anV31FYtPWlxmCid3rCV/ET1vA7cnhtA6qJVnBI4ANN+lG7OifdtXakK0Iiu9zGQRhpvDCCvGeq1Ld69cg19u528tHwG2Cwl2efO0bTt1tV4uUOzW9ly2RFb2UrSltYaWgOJSQOfChaf8Kglj0jftSSAbdap7Pw6N6l+FHG7BPOM4zVr6skWTVV1cl3JxSJcVb8ItkqQtxLbzi21nb8wLbhST/+1UFU3qWzhmwxtRMPQ1xyI0zcSVMlat2M8nKtw58wa6IPMcvs5pRSllk50U9K08W3L1LLi3kO/DLW5vDa23ClG4dB8p5PUkY6VWes72NV6hdhxopaAkupbQVZUXF8ElXoMH88nzqbtaQjzXE2i+awmMgtoLqWUhDaUpH3i95IGQcnHvUB1t2jdj/Z5KhKsN5dushp5ZXFbCTuxxlxXuBn6mqVWQreV2Wkm4/gtGD2dW/SNgiXuXNgx5EguDZITlQaQ2gl3H8Kgr65FNN8n2+VDaXJvciVEb8aW1IQ0hKk4APiIykgEgj96vMWpe2fUl7WqRKuC21vrwVrXuVtUTkBPQcBI49KiGorler3KhszZswyE+HuwsqARnjA8hg1ErMyyRnjB6b1XZZUa3m8w7KDbYiC+ChwLWGzyDwfLI5pj0X2/ai0k4ltm8uhpz5WXl7kAe4VwKrvTLtyYh/slh2W5Hkt/CO4lHHi5xjPQ4wabtT6aEIiQmcuRGKtoRjxJVgZB+nT8qZUuGUZ7O0n9pnT15ZbbvrjLTpHLrKtwz9KsaFqeyXxpLtvuTLwUMgJUM/mPKvn7pHQ93fCXkzTBGAdzjqeE/8AKep9qnkZnU9olKett9LoaAypJDSyB6JrNwWeCp7Efc68YHvTe+vrVD6K7cLqmbHtVxZddQrKFLkEDAHnmrbY1HbZ7aVB4tl0dVdD6c9KhRwRLo7JK+cH0pvdX15re84FDcOihnr1rhdX1BqxkzW4vg81xuLrNas5Oa53FY86lFTFas1qyNp5pFrzWreakM2DpS5HrWneaN5oVN4Vg1uQs1yoWa3JXg80JR1BZorWlfFFCT6H0UZHrRketeKe2FFGR60h60IYuR60ZHrWNFCop60lFIcZGVEcgE+lM4JTwGRUd1VrrTuk4pkXS4NJJGQ3vGVD/Kq+7Wu0W62eYuLbXXEwmFht0xSO8WrzyeqQMpNVXK0//Su6LF4lSG4K1d6BIAQHGcAk5PI4IGT6V0V1fbM5Tf0SzXHa9frpZpdxsrr6oTaChtuC3uJX1SVOdMDPNVCxfXJyYkrVc54tOFbzsSOo/eqwASR5A4Az546VIrzqlUh9WitKBEa1stqQ46sAtpT65T14xg+dbbXo+JHYaKG3u7UpBVcn2gtRV5EI/CM8A16VUIU1nPJzbOmFKumqAw1FsSWoyUlneEcMtqA292eOR508P6AhPrW5eb/LWmMkIfO4JCGynClJIPhI8Jpu+PtcJlyZdLlNKY6w048TkqV4vA2kcAkFPPvSWqx3jWr71tkQJMKOyht0NJUcvpKVcKV+LKQc+4ArKcZPlPBpHGPyNF7s9kuZRb7NBVDtcMF+4z3lZU6gHaUoPmNwUBj/ADrVf4LEfUEyxxJhYsLKWJK0gYHdBAOOPxnd/MelO2rY7sxy6adtrjSY8Z1i2N7VYQlQK3XVKPmAdqT64TiuRjQuoL2wIaYT8S0oO92dKBCnglKfGPM4/An9fOuip7FmUsmU0dlgautyslwSiOdl9UqHHjuAIQh5fhQE+uzu0nPQDFQK86W1I9HZkw7ihcNLymHH2pKiltSQNzaj13cjgdcirFjXRqJdLrBkyZC2LFbe6jIiYK0FxSAp3n8WOfYZFRXV+tlw9MzpGmISQi53P4hboIzAfXhLiSkdAdqFIV7n0qIzl+0n9o26Ku0+Hp5yLp+UVSC+4idNeyXIzeE4WlB+XI3ge496f0LtjdtbvjctLS4jiCEOpWt1yXh3Di09VYykgeWyuSBaGW4keNcZrTN2u1sU1OaSQlST34caWfJS8IGR7Z860x5zltiSG+4cu7lhfW4O8bW2lnvAEnvPUZRn2wfWrNLGX2I9kI7ZuzzWOrbbFuhuTE9yLNbfbbXlKm21r7wjH4R4COvlUe7bLY49EtmnYjLsh7vAnDqd3d7uicdBk598YPnXoREaBcrVanpV3YYcmNKuct99aUgbTjwtj/lTtHoQfWoS9ZBcFCYq1OPIEhbi1uqAekLOMpQknwpCdoJ8h0rOEcrks3joY+wWy2zSN2WhDHeptMBxyW7gD7xSkeflg7QMfu1VP27XdKah0Qg6YjpD9rmuMrcKMd4oLwonPqc9OMYr0ZZ42lpcd3T8liRbJdxK2UsOoKWxtSFBSVDlR68n90VTHbT2TTLhobU7byG2Y9tV3yHn3NmXCkKISfxdRWcqYzTkjWM5Y5IH9lHUDD/ZwNKvNOLes7c65MPPOfdtOlrYEgfiSRu3J88J9KsLV1k07qKyFm1wFxL/AByqQUoUC062FqSfCenISePWqP8AshftiZCnOWxCnJcN1TKycHLShhWUnqCkke1ejdUacgamh2hnSMaXaLwylzvWVk7VuLSgKS0o8HO3ODWTqW1F4WNPJ5nY7ML52gSn7IzB3So4cDDiF7vvE+JRPoDmpH2DatkaduL2l70pbD8dwtLCuMFPGKvrs10XL0LbrlGucd2Ff7i8twvOpU0lCUYCGUu84JJWonoeB5VQXbVpa4aa1G/f4XfKfZe2uulG0Pp8lZHBPXkeleL6hovJB4PofTdfssSPY+nLnFmNpdYdCt6Rgj1qe29KlxxkBRCcHNeMOx3tbD0ZqHNdUFgBKVk9a9YaQ1AxPjJSXAojxEj6Cvj5Vyrm0z7Pf5a0x/fdS2jJWOOMGub41DifCEkg4rVdXEN/ec7VeRHT3rgZeS8spbcBwnr0/wBmpMvHk0XF5alL+UEHim2JbEy3itTe/d+HHGakCbal9BLiN5+anq22lCW0OBtLfsalLIVmzg5LVYy2lJUyUj8OB0NYaiKo0QuqjjcjwnPX61KmQlkAqUFJA9Kr3tBuTfcuNAKJ6gBXWoktqyRR75FJ9oV1Epa0hayNxAweN3pUNsFpflOd4tAWSep6CpJOtkm6TXAtWEpOQhA8/TNPVutTNu2KKPEhOMHoKK3asnTOGZI0R7cmIylRSHF8ApxxjyrRPi4WtS3WUKVyVHonHXH5Yp2n3NtGxLSt7qvkShPnTlbdIyFttSpElo3Bbffojrb3BDSyUpWf7yFD2xXRodJfrbNkOmcWv1dHp0N8+xltOjJl+bWtkhtAAII5WBgkZSfIkVJLHZbZ2bRL1e5MkKviFNRoraQFKb3tBa8+XVxI9yr+E1utNiuEJ2FImRvh5kx51Cn0qVlKG0glW3yyDx9KfNa9m81EVN+hLL64zSHECStIDhydu4+ZG8n6V9xpvTqPT0nX2fC6r1a/1LKs6+iBs3qBKt0i0SviFvlpand3KzL2o59wnKkAeu4+dP8ADvF31bCXHdtyI1qZuiVR2nHAFPOeNRz6DKmxn0R7VT2rL0ymCu7fEMW6Xb5SVocDu0B3xKXgeZyqq91D25WKDGdbf1gp6W24jumI/BccKSc5HAOTg+xr1NqlDOcHkOTjLBc/2h7ijTukrherLbk2qdHjsiNLYVvXuG0JX6HcA5n3NeHtRdpuvJr6Gbpe3y7Gb28Hb3aS4pXGOnKifzp51N206o1+mPYblLdbtrKvuG3FneoY6k/XJ/Ooo7ZmTNUDKbeLvHeuqO1VcTnslw8ktZ5OSZqfU09C3J1/nvpWQ20lchRBz149K4X25bjbUmKwS454ChKfIcZqSr0lFdCHHLkVY+ZvbgJHsfSnGxxm5F7MVclAbairQyoIJxyM5x1JFWScuSCNwrZdJCVFyMEJQ2SXXBwkD0qXtMOSEtllISz3GZEvHiOdoCB6HODU1t1ttMLR8wwWVzEB9QjOLT/ZKWkhSVg9AMbgfPOKlemezhU3S7dwy1GRfFOsFrcAQplQV3qUnqklW3jnwn2rdLcslZdEe0ro6YwzK1LBhLfiN7mmkJcBAIKSlJz0V4qar4biiehuTCW08xuLjTgyCVEqB9+D19quvTulHk2t+w3RtqMtEtqQmWCCghJUFpWnIPy4IOOuKlydOaRuzjFhssZi8fCpD0xxUY7Y45UpIV1Wo4SkeQBNXgtryZ4zwecbJonVsxv9rRE7UYyX3HQkKB9MmplYdMqltdzcNSWxhxr+0UtalKz6jH1x+VTG72qA5LmXdduYDTPKjnY2wkHACU/oCB5/WsrNe4S0qet9oaQHO9jhbreRu7rwKQMZAK1o/StXJvojalyxEaLs6LUt57UDO9XCW0kLChjnAI4B4/nXDYXNbafkORyl2baY7RcLaFhSQD8qhn+5x7U96nvkG0odem2xuVcJaS3Fa3cMp75aivA8ikoH5mo8mLrC5zHI0taoccAvKQyPA42QMpBH0xj2FUdbxmQ9r6OuwdrTy50iHJnJTlZ7pp1gkY8khXkRU9t+sLbc1BDhUw4vpvHCvcK6EVVCo1o0lMkRwhfx6ZKd0l1IUGNyQ42MeiipQP0pouV5uaIsa7uzFIXInH4ZCehQkDfhPkkqIx9DVnCO3gzxll+urwc+R6H1rnWv+VVrprX8uPAVLvcxhTaVFLg34KFZ54/31qexrlGuLCZkV5LjaxuBB8sedZ7ccmUo4NylnFa95pFL4rVvNQVNilnNKk5Ga17s9aULxxmgNyFY4rck5rmSs4ra0s+dAdYVjiitQWaKA+ilFFFeKe6FFFJQhi0lGR60h61DKgpRBGPOoh2i6+tWh7SiTOkoRIlqLMdBVgrVtPSpbySE9ORg+meP8xXjrXsu6dsXbZcVRHFG06SZWyGkKwpRTkHYn95SgcH6etdFFUZSTkVm2lwc/wDSZ9UqbeX1IlOrT3EeP/5KFkblLVnlQSgHJPXcB5V12xiJe2UxpU+XIM9pUibIC1ILDCvwjPPkSPLGKbpsGam2agYblwW4lwdKIb7OSy2GnEodQF4zu7sJz6596zs+pnIos7shDa7fNktQrhOHhQ8WEJCcn9wBXPrz6V7Dr3LdE43KTfJJ2bXYNOw1MwoyIzcUGU+64d6iQnwZ/kAP9aal3yQ2ZEm7uO7UBpXdo/ACnO0eqiCT/CUiu+73zTk9qe/FlomyzPQ0lvj4dDKegUr8W4pHA8gn0psDktcwS40q2XiW4pS3AHfAnIJUGxjqDxk1SvbJNy7JydeirTcdb6hE2RF2wmFBxsAYaQOdpO7r0OT65NXEmIwzaZto0/dm4byAsvSDyWGeAoBXXaTnKhzzxUDs10slwLmnoqZUSdKi4Q06soBVhsApV0UTlY/IVAdVI1bAuF6skCa78FEKGUupHjkNqwlsZHUL2p49jWDrd8uHhG8ZKpck3iQ7BZp4hOwhJaWvch0PYZ3D5lOJ+YcYwT6gmtOtNfB+AiBb50mUSVIV8N4tieSMeqfQ9cfSq50dYb7qRcm2JvK222z96N58SlHaffBKcfQCrVsOjrdpm2NSrxcIEqINye9J2upSBg8JOfCen1q84QqabeSItzT/AIKjsjWpodybvrECQthTgJJH9o3nxBQ/Fnp+VP8Aq6zXO6Tl33R+mvhkqYSLjaF4HeNEnxJHoOD6jrU0td3bkapfbsTDkyIztdkMSCAGClvAOU8Jzwcdc5rX2s3yySLPEuVpdhMXSJIGJCZJQ4olDZxx0BzjByDV5Xuc04xwUjBY5KxsGk37xPXd3ZbzzC1F6W3IKu/ZWU79i/3sgBKVJ9TVouojRdHT5s6L3YubTrshR8JeG5aST/y7ikeySaa9K3NxcN1rWFjmuXpait16PtRkE5SAUnhOMHPnk1J7hLvupEmLOTaUWOOyGhFKkrdXjos+h8R4/hz51ndObayWSinwU/BsT0OFHkhl4SHMFbxb3FCVISoNtJ679qgSeniwOhqVWiNo1p232+ZbJgkTUhZekyRuYZCuSUjqSc8dcY8sVaVqit2wtxZEWG6q35Qw4wokrQQ2Nyx0zkJwfQGq07QBpaySHJFjuHxsx9ptUVwowlCeSFnP4iSf7u2rwv8AM9olUqllnfbtJMt3CRfJdwdkwe+WqMytBCUYXhKxnxA+LjHB86gmu7XMvt4kaaubxmN/s1uD3alYQ6+4CgLV7hSVfyrrhdodzt6Xrrc7gh13Cld2eSVd2UttAfhyrJP0FY26/p1VDN4kudxIiSCH1AAKIUlzu1fnnj3SDU+Odb3vob444PI/YTfl9j/bjP0xK+6iXTckMuICm3EqJUnGehwcAj0r6Iot2kbzAjIulnkRw6wotJKwh4FSR96PNISUJwfVR+leB/tARpOlO2O39oxtLEaIy8y80WVBZ2B0HB9CTkfRQr01p7XDHaPoi26kuFzlot8sv4kRzlxJ75RShweaQkIPr4jXFKv34OiM/aLDuGqYl6bhXqHIuVos3elbTaw66ncc5WTzxnGDnpXXfdO6O1paZdpYsb6O/TlSpKDuHG4upSeeAnAxTaxa5NvkyLnar8ic3MCjIUloq3oJJG45yeuOBTAzJvVmkKfbnvyGlKJERbLi9ufIKPSuizT7lgrVc6/cjzNrXRdz7LNVuIRu+Gad7sFKsgEeYx5HGfzNehOxPtNiXKK2h1xHebQn5utcOutE3XWNil/DWBTUtaUPoU+9vWUo3laQD7GvPFluN30Ff0NSmXozXC0pWMYBHSvmPVPT1V7kfWeleqqxKMuz6KuzGZ0ZAcUNqkAgjqPfNNQc7p7YlSSkcEgdT7+9VNoDtITdLW0HJxJKAkBXODU8YuEjcFpeGSc7iOK+YsfjZ9bVHdHP0WLbZsENpDyTkJzxxT03c4KGg4w2TuGCDVYsXKV3hUt0HjFd7F27gEvuZCh8uc1MbuDGek3PJOZFzQY7v3yUJxjlWKrHVS2Jbyi6tW0nakp5BPv+tddwvoWEpZwABjFRi73R9QUjZjPPWsLLN3BvTptj3DXMcaibkIbQD0OBUck3BRc+FQpS1LPKR/Ln65rruM5xadqWynyKt2M+1STs50zJbWvV82AX2WVGPGSEbvGQMrI9gePfNb6HSvV3KtFNdqoaCl3TOjs/09BRNt9wu8hK5i3EOBG0KQ0CsAAZ6k7SOKktx0nHnaqF8tU1QYZhoYLKzt2ulSlNgEdMZUrJ/fFbb5AYsVwZvC224qY6A7FjLONq8/Kr1GfF/ermnx5suc4th9bTYcK22lDY68sYCC4OiE7EpAH8OfOv0zTaSrSxUaj8t1evu183OzomsBSNWIi3RuVFdjRkpStZb8a1J3BQ4/CRtwfPmmLtV1TbLfohM+4pUIsKShEhDZzsQlO9ROfLYlQqUaIt7Vtcuq5byRHS7IMdAH4GVkoT7jB/ka8nfbr7TUWPSD1ptVwQzKuEl1kxk437FNjvcn+EAJ+q1VWxZZhF4R4T1Dfr7PvUidcL47IYfkuOhtbyinKj12+XGK5m7Aw8O+RKwFEE7edpJ6j69KZnApwqS65uUVHJznPl186kemXWo77YkLPcEchIJKj6fSsnApuyxziadcvcz4JCNr8YbQkDBWOox/OtUG13JM9UGMAXEqO4KGU5HoKtrTZtM1qIbbDW04ZAYlSAMqRlJKdoHXjfz1yKVMWY9IXDtMKNGXGAS9IUggpPOd5VwSTnp5VrCD+jOXZEIeldST8MSQEd6Uq4HGP8ulOlt7MtUQ3vjGWktvpCnG8K8ZSD82PMVYNskXWzxW4/fuyhOd7ooQwAlxQ807h5H/Cpra2tTaleZEKE7K+GwyZCtiG0LWMbQoclJ8OfLg+9a7ZLlkJZIba27au3x5Vmt7rV5G1m6QHv7KUjJypPrnOMDpjPnUomwpt/t8KTZStyFaI6mfgcffxAVFRUpI5UOgChzgD0q0oemdPXRMWJdQxZ5ycSUPRyl37/AAopPAykZKRjodtN9h1JZr5foMe+R/gblHU4t67NtfDoUlCTtGzpuIxgc5q0Z7uRsOzTmiETXLOvUO1UuHFZlJHVT7ilhbbS/MjBJz1PTpzTLqS7ROzDWkybBjPSLZco7oVGbcCD3q0FO5I9ElZxnqOfOrkt110bpJ6ZdLpPF3cU0iI2q3slTjayjakk/iOE4KuMb6prUcV7WN+bu9ijfctlbbECUjZIZf2HZvz/AGgCigDHkfrUVWuUvf0XlGKj7exhn3OyX+wJb/Z16M2RKK5KQlCUllPASjPTnKuOvPpXLIhTETjIQwiwrkDLLk13wtjHhCEjrgJTgnzTWhVqUnVbqNQRL7LeMjug4gpCFOZxkJ64Hpx51Yjehbdc5KoFp1E5eHYzapE+FKZALW0Z2oVyQfp710pxg/wYpSfDIjpzs9mft9mTdJ7PduDcl58KAUkE87jkEfT0q7rKnSlqSv8AZD0O53J5tKorR+8jh3zUSPUbfD7e9VvatTvWuC0i3tOOwYax8REkcuR28nxtq6KQkrUVfU58qaNYMXXSOoYI0e8XUvtLluuFH9hISpW5WD08IRz09q57VK2eImteK45Zyaq7PLxK1BOe1JJim4XSQJTiVrDUZJR8oHnjCsY9jUd1F2ZJLiZty1WyXGSELjNsn7kJJ2pQem0/51xf011FKkPsXkG6/E5ASoEKBV4twI9ePyxWm86o1LfYkmOqC2xtWgdyQUqQkAJyfUHHWrKFkFhsyk4y5RG12yBcmrq082624ZBYO0+FCSlOwn0JOad9C6gf0zBaauM1UmUqcmEthCSRtKeD/wC0VA4s+426ZJjtrcQH1BWzk7ikkgZPWnWJPul2F1dgxy1OhIE5h1sfIlGCcjp6n6irJSfDM+Psve336DdTsYdKXgkFTKxtUDjPSu3fwCAeRk80x2e2WvtBtVs1hZXxD1Ip0pXFUvDckJj94V5+qVDHsPWnZp7vGwsDGSeM9OTx+XSqZ5wZ2wcJcdG7dnrRkVhuz1pN2FVLKG5CsVuSuucKz51khWKqDtSs4orSlfFFAfRyjI9aQ9aSvFPdMsj1pD1pKKAKKKxNEBl1peDYtNT7mjHeNMkNZGQXCDt48+cV4c7OLxenp2rdY2ZUd2VNuMm1tDvtneLbYA7rHkoBQcb9SlQ9K9U9vkmdIsUKx25BcVJkoXIQlYSpTQPr+Rr5/wDYZOgXiVrSwy7mI/8A82detyAspSmTtAySnoMJGT7V3aWtPlmM3t5LriXO5x2tPWC1TXUEOKckoIGC8t5RUFA8A7UIJ+tTDV1njf8AwyRDhNpZ+8EsDOEpkZAUo+2FEcdSR6VxWGyaslvNzL7phl6TuUY0xCy0+4QMbvDwodVZxyB71JdTuWY2ax6AXa5L9yLanJojvFfwqQtS0biOoKtwOf3RXXfNKxKJhFZWSE2KzIg3GOl2C4+1EISltStjLSiBvfcUOOuSkeQKam1sn6V1LEuNoatSYi2ELjxURGipxSs+NxROOpJ/SpTanLO3AXDv8VqMH1Bh4Mq3o71CQEhZPTKUoOPVRzVLav1UxAlNo0bJeioYS4HXuA4+tROVq9fDtOPImtKm9S5KPZOFX2XBYtCWmzuwlPT50oRVtLiOytqDHcV1BIOeSE8U3WZqfF0xdouqYHdyhluOB4StTa0tlRVjhPU+w3EcmotpDWzdphIduk5iRFbbQ2lSk71y5JWjxBJ67UlRyf3SKfY+s/6ZS0z48wxWfgJENEQr3fKttW/nzU24c+hST1Fczqsi8S6NYzi1hEcck2+zrOn9Gl1lTDaVzbg83tKiBkn1O452geVCV3F+ZFgMwVAPRhIccWMPOhailCMdBuUT+Rz5VutlqbKLalnvFKemJlFTisuEFQSgK9cB5lQHqtQ8q73Zr93vrGn9OJQpcSMgypP/AO63vUEpPkkKXjPuRXTFrOGYx7EVfLdYWYekrFJbF1W7JelyG1jDkgNqUUqJ4JKlJGPbio1JVpi4QVouVnVbHUKLQdSSUO7eAU56euelOidBwhHY/ZVxQu6x3vilyyMtJdwFc+Z6H8z71zy5MzT6Xo2ptKR3VEKbZmpWSSFE4OCTzjy9qrXtb4Jl0M64Ed11lTV6kLcjgIQ4h9AW4M+EE+fJ6VIbPar06/8A154LDeStaGdy0pGOVK4APIH5042Nzs8scqPLjQmrhMk7Qyhw7+7WE5JUk9EglJ/WsL92mwlQUQ7en4kvOk4SC2lCgTtBx1SDtwPrSUpSeyJRSUXlj5qLVtn0nBNgZcc/aRbQl8JQR/aEHJV0IAAGPTNVpa9N3rUbnxKWx3ThKlEEcbUkkJHnjaTx5JrvhWS7a5v7jj6wypZG8KSVKRnG1IHUnHJ9jirId0nMszUWBZWHZkiCytYcRhPcLV4Qkk8ZCOv1rRSjpltXyZph3c/RDpfZvZrJalXy/OKZZaUh0MqTufdWUJUEIT5kErHPFReNMg3SFJsytPLtzE8OLUsAFxCiCGgB16lGfTer0qVaigajvMTxyHoClEKLiylTK1n5x3mcjJB64qC3o6at9zjXWI+uRLTHV30SO4pYRITkJws/hOOaVyc/l0Va2rBWGsrXF1VoC4tT47Si3D7vCk/eKX3jZSUnyxkn8q4vsmagn2hFy0Q/EkXOPh4PMI+WMogbVAefII+gFTuyaDu99hTIX9TKJTC3UtuO7FuICi2VgH8OSU+5AqobGvUnYn2zsRJTCozLikMSmlKwlxA+UEjz24588VOrUU00TT0empVr0y+wt5i+JiykIShqP3ZZKVeYI8+fOnPT+iLFbCbrqbUUh1aAkstsuEJU6rgJOT4sjdx5YHrW3U5tGtbMu4Wb4ZqShCXpDbiO7d28AY9ecc+9Ntm0Hd7r3Nzut4lxGoSkOJQ82Qlle4YKc8HjqaxlNTr5eC6zu4WRzkzLPYLR9yxEZK3UrDrj29Xwu5exvd5E+LI65Vz5V517UbN/8SNO77XbQ3PsvfSGnWWcuSWVkd0hY/hwoceVXtcOw6elCLlZtQ/HRYshQkLDgWgAo7w7QOCoqGMfSufs4gWC1XWZd713VvttujpDsaRkqeV4tqTjooqI49DVPFROl85ZsrZ02KeMHjns61bKsd1Nrmb2lNuKQpKspwoHkYPvmvU+lL6u6xWVd6FbhxzVD/aK0LGtmpZGsNHQSLa0225M2KK9i1Ekr9sk089iet0zC3Edc8QGCCenAr4j1TQKuTaPvPSPUFfFJ9npFDDqkgpAB+tZFlzZlRwenA5rotTaZcdtW4jI6qNOiICQkqbwop81dK+eUce0+ijblEadtzoQXApfJx4hXE/b92Arknk45AHr9alT0Z5vCwhJ/FgHI5pskMncQgp3IO4JPmPOihyT5FgjsPTLd0uYjKeSwwgFx6Q4P7NodSB6+n1q0bfraxWm2x+5ius25ttIaYABW4UqISMdSSQVH2NR2Raxb7cGe+U5c5RKQyE/+JV12cdAkBPPqcUz2S0yJNyjvTDvcdUE5/CnPUD3G881+g+hejx09Hlt+UuT81/1B6xPW3+OHwjwPt7cGqNTx79dlJYeafbV8EpW5tDalBKlEfv8p9vD9a3Wmzy5Etd1uDhICkr8XHiSeSr3OQMewPnWm43J0ttQWENRUNpdBT3B3ug8gE+RBJOfeuG3XuVYrcRd3il9Z/8AEg72wzgHvdv8OMe9e/hpZ+j59P7HzUXaFbNMx5KzLxvb+GZCj90yVK8IV6g7llSuoCRXy67Z9SSu0vtEulzhPqcgsPuIhpUTkgKO4++VbufOr++1L2zwW7WvRVoWUPmU4XHdx3LhlCQlZ9FKUFn/AJSmvNVlvsBKTGiQURxlJDqzlWP9a55rbwW3ZNEOwsKkqjuNBspSAlW3KgccjFWXpXs800kM3C5XNtDalJw0G1qUB5qwP98Vr0nYLNeUb30vtynFIdacS7grO45IHngDNXLZez6ZGTHk2y4NvEq3IDbiUJkNn5uFfKoc8ef51WKyySM2HQEv403TQ7wkRWXg53SyGy8BuygA+eM4+tPbemXm90N5gh94mWsLASDsSFYSD5gKaQM+e80+6v0xI05JhOtx+/jXAd/EejjaoKSeUrSDgkHP8q5nJzd40vdYk6UpUuI2ZMWS2wApJTyWXM/Luyc/QV2OHRk1lmi6XazsuxLVZ4pu1zDkgBSCe7bLhyghX4lBIBPlucPpTl/SbW1hlyE2awtRoUdktpc7vCVpS0El7HkklIOPPvCa4OyG+2+NqZuRqeExKiRmkPJd7vkKJSEAkepUAfrVs3pi4IkIubFwhm3zI4dcjqayEkJCSgeRSnbtH0NZ2NQltZat7o5KuTemJ9gttweu8xnDLTYkx1DLT4J7xLo807iSPZQp90VPutrMr4iTCuUKekp37gFI54UjIOD612xtKy3YUi5aflRrkzLfS5ItiW+7LSsAZSo8JPAGD6VHJDWnVPMxLfLudmub7475MrJQnCiMZGAelaRUWuCks54HudrO/wBhbW8qXDLKRjEbah4Jzxxjxedao/aXb79KSL+SpJaLKnWhh5IIJSrZxkpVg8Hzp0iaStkKFJkXzWUh6QoHum2mhgjByrCuSUp3EetMTka12y9Q0uy3HnEKLz3eBKEJLTaSGxxySSrIrGeyXP2aRckslgWC1NatsyIBuqIz77aV/FLQWnJC0kq2bz+Ikkk+/tUPti3OzO/IN1vYb/aRWoogr3pSnJHjc/I8Dmo/ee02PLYZas8p91yI8Xo4Lezu3Du8+hA3kdPKovHenSShtTjr6iNxJ8XTlRA9Cc1tRppSi2+ittmHx2epLbqGzahsLL9oiNreS0ttkuNtlT6cp3ggjIGFefJyah7FskWfUl5uF9aSqwzlKVGSpJU8tKWwopV1zg7QrHVWPWoTH1tKtVuEmNadkx+MtiN4iENDcEnagdVHxjcemKS164u2qrpb03K59zJgvyUxI6WyUKbWwpaEhA+faWyDnnKh7Vzy004crotGxSWH2M8yBYdLy16mvV6VKmLQSYkbaVtg8ISs9M7QOE9MgeVYtaz0084l6Ra5qZTZHwrradyNmAooWlQyeh/WmmTBcXLdmSXEPufEpjRCtQKGwFhO/gePxFQ+qFVElW+bc9TxWIbkqUA3uS1vKdziiVBOBgDASVfljzq84xS5KZ5JNrqx2q4R1TdO7UrYLciLlvasLQo70KH0x+SqhaL5Kt2ndSux47UaRc44IURw21vBdQPocj6GriXoCRA0idQztTLdStPetr7oFsunKihI+YHZtOenOPI1BtYW6DB0XaIzZiSRel/tJpZyHmVZUhbR9UKSg/mKorFnCJ8f7hg7KtUyrdrrTOn4kkpakSlSGG8nAUvwEfQdMe1WJprVLtzvt7sstgtSI77j6c8BSFKPI9utU/ZbcbT2waMRCBfbthbC9px3quXSM+asDp7irG7Wr9ZtLds8a5Wh5xNvkbYpZcbKFtIKlJ2rB6EY/QirKWSlkcRLE8z7/wClFae8CvEk5B6fTyrILOKscL7No6VmFYHFakqyOaUKwahko6ELwOaKwCs+dFVLH0jooyPWjI9a8U90KKMj1rE9aAD1pDk+HB8QIB/xoLqUcEVyXS4tQbXMnqOO4ZU4P7qT/mU0BUvaPLh3ebc3/iFEWwuLa7sZKtjYwgjzAUvOPQGvC/2VGLJcO13UtvkxpLbMh2ZuQ4hI7sjbtxg5BAzz55r0q5eLk/qVmJHWsxLneY7Mh0HAHeskOfUdK849jWiJkLta7SLxb1KfbtN0SlJaTvK+9byPDn5QDn+7Xowj42kYOzdFs9GXE6r0vqabD03dHZlttMdT7T8tY2pbWlHKEdSQMDn0pgter3J8tUCz3gyHpruyRLdjFC1J3EnKz0TnIx/FmuNTN9m3P9rv6oakBlC0GRGIC1I3rygpPAwSE8+Sc066HsbL0D+kzjSEQm5ZhowAe/dIAzkdcKWok+9dTVcY7vs503KWEOOt9aW6NDVpWy73TECkOrUnjftAJ56qwBk+ZFQaPo26XNaX3Y6m4TaUrWscr25A+Xr8yv5U9aJ0xM11qK6TVOFEZ6Wr7zafvFAc49B71Lb60rTt2mN2pEyQ8w01GfXEa7whKEjvFBfyjKyrnnPSrwu8HsrfLHjc3vkcMbsoattuZnXx1EeLCPdLUs7A46Vq5J/dxgjHqabLPYtOKnG8W7VCYzPxBETc1uU6U43AIHO3qCfMKrZe5N9vIaecSLgzCwXI7m/vEJz85aPtgZHpXNe7ZdrbNgMtW+3vxbmndFeDOxKD5pJ6g4HU1eEZSWJE4jHlEn1HcE26zu3iBCS9HeJiFbZKVIVy4Ac/KB4cFJz92keVdHZHebIoS0M26O1JmEMN4SokNgpUtJVnxEhQ/WoDqC7riWIaVdeU2t15C1xo73eNNJRuwQf3ic8emK59Jz7xZrtCkw4LsmMyoPKjJyAtKgArPqeE9PSplQ3U1Hsb/eWbqFq3N6jNmjsrgsxWjOYc7zaAQ454FdckgbufICmHUN2FzbTatTRDEuDUox2ZLJKu9SQlQcI81AKH/UfetGobxd5FlfTcY6YlxlIbZ7xYwhlnaN3PmrxKT77/AGNPdqehQ7dp+9NSG5t5eiJg25L6MhQCypUhST6d7jJ/9MmuaEXXFZNHJPhj5bNKWK1mK1JsCri/IT9+GASykHplSuQcg5/Kse0DS1gt1iEywMJbugDccBoA5IWoqSkHr8yATTlp7Uc5iVPfv0xowoGXGnN20vvoLzaiB55UlXhP7o9arrX2rH5V7Yct8pp5lMZa2nAgggqKgVAeuFZ+oqtasnbhdETcVHgdLH2k2PQuy326Cp+aEbZdwUrcver+0Sj1CTnB9hXS72iTJxLkacIiCsrZT/aqKCAMlKfNWM/UmobYtC3F+M3d708mFbUrSe+WUhTif4RnJqZ2kv2lSLdpXRLe4uFLU2YsJ3j94f6Gt7o1RfPZEHN/4Hy26IVeYibjNvbqWjy02d3Cj+BYx18+c8EU0600po3SWkLxLa7tU1cUrZK0bGw8Uq+T3wkcf60+G+ahmxksrkMRYkXapchA2gKBKyUq8z92R/eqJajfndpV4RBmD4a1ssEpWtIKVLc71CVA+YAX1/g9q54xscs/tNm4bcLsr+Y5dLRLamLcbwNPw3oiwNoSC8wspV//ACbs/wDNUJ+1Pp929acsmsoLTz9yb79iQ8lBCVhoIUFIx1SlTxTu9Eipbqe5OvNXJxK0LYRCYXHCh0Q8qOst49AW3P51O7DLRqRC9Nt2x12RA02FKjFIyQ+4hThTn91pScD976Vvas8mMCsfs/6kuPaZ2bqtTqB/SSJIbtrqirb3sXO4q4/jbaH5mrsuVz0fZre5p6fMuMyDb20uXBxavCtxRG1tB8+cgjpt3HyryXZ0X37P+v5l4bK23JK3Ib0jJS2HVD7p3b5BQWn80q9Kvq03yErTsCzXZbKXJSWLs+8/4kqXueaDSj+6U7lD3NYSWVg1TwyzbjcGdPWa2yrcW40VIkLSy0sqaK8t91tVj91vzHn6mqB1jeWlwIGxKAqS8qZKCFEoU4o92lPrgFpauf36svtNXqy1sw4tpct0iJAiBDTTboDjjIWTkDzHh3Z6+Kqh0lBZvs9izyoyywkgugkhQbBG4k+QGR+tb6KCri5szvlu4JTonTL1xRLnX3Y1pWWw6xMW8AQ6FJ6DPmkEEe4ryS9Hk9lvahNsLcpXwrEj7h09HGDyhf5pIP1zX1GuvZjoJ9mNoGTLfYmDuWyw20VRmnlICkBxXUFSf5mvEv2u+z+NGtP9JYsBTN3sNzMScU/+l02e4SsOY9gK8fXyq1jbj2j1fT5z0ckvplx9nWo3plsjrfU0604gbFhOQOOh96na8pKHI7anNoy6E8cV5w+zBql+92kW+Qve0wClYScKHoa9OW1t9tpTKXCslJUFK8j05/Wvhr69ljR9/VZ5IKQiUpfgJfibFbknCFdabWYikpblzI5SiKQ4SkZCiSdqP5E/RNdUJtZSUF1PeR1KTgDhRHH+VdxbNvsq7q8rCAQU958qXF8E+4ShCse6jXf6XpFq9RHP0ed6tq5aTTS2ds1SYiYkN3VF0eTCRGQ24fNwpSoFDYHluIyo+prPQ+kXL1AUnvvhVtjLSlZ5J8Xh/XH5VFhEut1tEy+XZhww3CW4cVZJ7xO4AEj6gn86cLd2hvaftLjfD8nvO8Sk5CGVA7UlR8gMJ46kewr7+W5Re3pH52uWt32btQ3b+hUx9N4ZiyZJ+7Djw8TO3Ctyvb18zxXnvth+0Bbuyx+DqcIFycusN5+NAdSElTiX1tJW4kcJQO63BPmCPPNL9o3tgs9m0lCvt4vIdn3UuuQrYk7pDrneLQJEg/ubUIKBXipS79q25Pah1RJcklZ2LU454EI5KQE+Q5PA9zVJWJR/JG1p5+hiudzvms709cbg85IlzHdx9FHoAPROBwPSrK0P2Makmvtv3BhEJsJC8u8YT6jPlUi0T2TQSGXkMSI8x1W470bu6QQCMA+fnn3r0BpPQFleYZZD7suQvKWnZrikMuqSMhAPuogcCphj5MmSyhv0n2MzoLTCxcbXPaCAUI4C1A9QCDkHAzVuw+xewRoq2gXoj7jSVfDvp3Egc4IHAxnOfQioki1aOiOtph2x1bjrKX2nEuqbTghzenaOo2tp5Pqn1qVC7O6MnsT7xqJLsmMUONRmnwrqdpbPp4WVDnPzqHkKpNzl8C0VGKzIZNT9jr1ms8q5W3VzSG4RJQA8VZ4SvbhXQjJJPp9Ko+93fUN9lSIYd+IDiz3rcZAHfYJ5VgVaOotXam1w1NtttjOMsRGFIWhLf/iXAkNkrz0UCXCfLqOgpkuNgi6e0TLg2uSV3+A9FuE2WyvCVNuoJDKR1IHeAk+ox5V00ysh/d7M5JPrormPA1LYFuTEwpDCAUoUtTeUcKCgFD0BQDz5irei6ptWr9OQrKzcVR7kqIEuoUkpKXsBKwnHQKUGlA+rjmahdlmXqPC/abpVJkX66d8mMckONNkhfhPG1S3Sn37o+lSa+z7bpW6tuOW1mQzd4zMtC2SC/GUCpLjYUOCN6FH6Gr2x8rSM4LaskhtciXarfDjpfTFvcptogvpARLyyCkLHuorSfMbAfOoRrdtOpLpb0hn4G8ONIW/EU6AkKGRhH7pONwH8QrRN1DGvd/j3Ew7hNnJeb2ZdSlIwobQkD2x/OpRqGTpeBqR1Ttubveo7qVPPRgopQwoE5IPlgDdxxgj0o063wWb3cDC72fX1MSTKh31Sp7cbcA/87SMnw5z83zDOOQRVeXdet/2hMi3BL6VMrW2vOEAkKOSM/nzVuabd09eJbuoo6HXZltS6HlreOxRQEKS2EjqCVjCjxwai2u5UHU+qIsi7O9wm3IP7WeAOUHfnAT06+H9TWUJylZysiUXt4GfRmhLtdUsSxGQ41uS4GwrxvJBydg69N1XBZLBZYMyRCmRmoqoj7KG1RmipTiGgrvUrPTaSEDjn5qNE9qGh4Vseiadtwt62He9D8tzLqQNw3II+UbyhP5+1C7tom9xFyQufHuDTrDrazOOSle4KJ8lAKBH5mrTutnxjCJhFL/I8X2TpCzWxKoNhmXSa6nJI2IQhCvEBycjlR4HPNVIqLp6dLXcpMxWn56nyY7QQtexacEcdVA5I4qVXe129xtMpN/hPOI2rElw7EvoyQUugfKrCTgjg8elRrWFvW1OiK0/Nan2+4Nd+GlO7zHVyCjcOUnwgg+hFXilFY+ysuzTqcw7cPi0yXC0kBTKY7fC1kpylJOBwO9V6jearbRsjVeoLzcblbY62kxGvhmWkciOF7UFwnzOCD9Ve1b9e3ZMfRjkJ+FIadZloWyt9au8QsbgtOD54CeamHYe1IuOg3VwWmDLYWh51bg8bifNBJ4OPCrHt7VhZJQ5ZauO6WBwaumo3IQsd/uilqbhSZTCc53OfKFBPQAgk496rFd0mTLharTL2yhpmOZjeTt71C1biCPMgup49qvq/tpEqBqWfp4urgLP7SeC1EhrasKGAMfMfzx9K86xWVytRqajqKn5snuG1KGPu3TweOvrn296mLg1kmSxwJqJ+NA1PpyfGum8XG7okJCgUqikuBIz7BKU0+dtcC93G+TlzbhGm7VqMaW05vB8ROM9f19a29uOnUq19o1u3RO6juymmmAB4gEFKS2fXBBOfQgeVLrux3G23i6QZqdiXVqcS35pOSCPrhNVTjjgq1wTjs01B/STR0Cc44Fvtp7h/H76eP8MVKR0qmewu5oiyrvppLamk5Q+wD5noT/7auXcFeLoD0rRdHBL5GWR60o61hketKkjFAjfuxRWrdt4xRQsfSqiijI9a8I90KKMj1oyPWgMXG94zUR7S5bkLSrsZk/fTVhhv+Enkk+2BUw344FVV2z35qNLtttVJbY3IUrcpWPEtQSn+QX+tXrWZorJpLkrm1aMbu+nF2yPc0NTXJnxCXsj7sM4b3j0yE8fnVRdmkJOke23tWbmsRGAWbPKWwSfvdrS0gpUOgOwn6k5qb2C+s2yTf5Tbn3KmniyoqJHcpVtQB+aV/wDUKpHTGrXLL246iv06O+7BvNkGUrGUuNoUUjBP8L+0Y81V2yqssbl9GTnHHBYMqz2mXdp7ch1dr7oEz2n3gjYttBSSlP4wVDORTi/q1mFpSz6a0msyG0ocKUNJ3KC+6UEn698ck+ldU1iJqhFwj6jiJMpuXJjQZTh7pDyO8UpJ3enTrxyBTZ2e6cb0/Iub1zTC/qbLrqEpfO5SikHDYHpnJ+tdynCUUpGLzB4ROtHa501pCzPWiO7sucxtPxksDKWlLH9mkeQ2g7j5cVzMa5vM2Ohu2RFqiSAth1sgNKDalANKAOArhAJ+tVjYbJctVt93GbBcfdUXHjwlsKPVR9MCpra7FoS1uIevmoHbpPaJa7loqKEkcYTjpSymmPOMkVymiVQIutb0wlRtnctoK8OMZDmCeTuPPn06Vz3rssRZrDMvuob1JdMNKlhgvnLgI3bCBwFAbj7gipbG1JFiQIdtslqlb0ffvJf4AbAVlPqAdvQ1B9eahXrq4z9P2V0tw7e04qS6hfhX94nOfdLXe/kBXPGVu72LCNWk1l9lf2iJbbJb41/uUZa3bozI+AWpJKGlJGO8P7x3kDHlyanFnuL0lMyzXcFyN+y2y5IONzby2VPJ2gY8SSsZI8kgVHb5d7fPSrTjzZEPTMtW0gdY6EKGB/E4v/8A69qdNEONSm2I8oE3TUMxa3ApWEtxUHvFkk9EEoQgY8gfKuuzMluayzFLMiIoserLoETL7HuIgpC3VlRJUdnJbA6pWd+Bn1Jp8ZvBk2dF5kvKiXCIpizOtLQcMIWtxaVIH4RtQpBH+tSXU99c01atQZQfiL/JbktOpXvTHfLS0SUZHGUHgexQa1rh2OQxb7LeXu7u9ztsdc/edpU7vX3RC+gdCVpzng7qhT3rMol9rXQ93K8MybbboDlmgTX5gdnqUXSht771aUqAHIVjJriX2a2FiciUbuvuihTnwgbJVkDCQFem4k59AfSm+zyxp2E9+wrU5Ids3ePZmNpxGKljeOOSArdx0zmn5C5DulhfXpr0uXdJKi8tDXC3AobUIT5gBYwn1KvSs5ylUvaMJ8fY3bLDbnnbjdH1TFobAaQonuY7Y4ASnoSRjpXVMucm7RVM2x1yI0/3EptJVnDikOEkk9B/WGVAfwUyaii3FVwKLg0zFi2VlSMSVgIMlzgEHz24BzjHgUB1psktaguNtCrWlz9nLyhyUrDaF9MNp9EgFOPPmpVaktzG5rhD4qZM1jcm7NHkvt2e2ZU73Q4U5kglXrgOfoKnNu0zB0X2dyLtdZCSmG04iGACVSFkL2JAPXlxX5kmuHsks1v01a/ir5eregOLSG0pWTg4Jwo+eemT6mpjdJ+lrzbUXG4yDEatRLLLaXgC2rAwUg8ZOTk/l5VyaixuajX8TaEI4y+yk9IaDg3iTGZvy3I0Nhth2ZghQK0JPdsKJ8yp1RPsRTBfdbQbf2rqkRn1RWHoarbJksoLZTvAAVx5IIbPvsNTm+a6dshd7h2M5andphNxC3vD5cTypJ+bAClZPP6iqnuGk9U6vvBmqYUyhYW6EucrYTk4ScYz1wK6qYuU3Ozozm2+ENXbRoO93Gzuw7q84qQ46Jdtn53NSFDcoNqPQpX4ijPyk486iGi7/fkMQIRl7rhbISWxHcG4rj5WoJIPUpJUPUjGKvaEL5cNCudmWqbUs26B42p6B96xg55z6k9K8+dqegNcaEukW/GI41ISB8PKRy3MZVlQB9FYxj/mqcqM8xIalt5PQkC3DXbkG7riRo25hpmSiQ4UfDutDalSD+4pITn6EU/2+7Q3Hbki3JgzTAa+FcmIjJSHCtYLjbZHUJDIyo9Mn1qtuydI1W3cPi7pJatKY4wHFqUpL646XMJT5hKs+3AHnU37OL0za7dqPQ+olwo8i1qCQhzCS8VqPfAn1O1sf3VetZ2rKyi8OOWWzcO0vRT0u160k2qdK1FOSlKISXNsYSWyCH1n0G4EZ8jXnXtHl/tuCtV+UiR+3Li49MWUEpCnGiVgeoQXMCp9cBaIDltVaD+3rgmGoOBnIZjvLWoqyR14ISB+6E1FdSW+HaZrLermlGSEIEVnulCPDSVEnvCPmySeB+dZ6fS11tyfZMrrHhLo87dgwd0H2vzdF3Ja0tpeLLR5G9HVCvzTivcQiuIYD0RQZ2JyonncPpXlL7TVnXoTtW0Tr6K9HXHuDCYa5EYBKO8ZUcZSOmULTj1Ar1bpu6xbpp5mYy8F96zyc9R0r4v1WlVXPB916XdKyhZORiLIuEhluChPfOuDeFHGUfvAfrUl1louVe7tZY7Ti12CM4yJLCMhSylRByem3LhP61o0fubfk3J2MnuYSFBBxk7iBkf9Of1pz1TrWTZ2GC3kKaaKwoJ+XjKln97Hp716nommlCrzR7keJ65rFK7wv9oxdtc+LCjyWbTJwiIgfdMIBSnbnYMDnOSMDzIJPArxR2x9vb3Z3pq4WNcFTV5ujQMRlw5WAtRy64PI4yMdTz0FS/t8+1TfezxySqzMRU3O4LUtiEtwPOsgJGHnh5EnJSPyNeKii8a9vbt/mXN26S7o8pT/AMSslS1nk4HkecADjivoPI4x2s+d2xk8obXFan11cU3KdJfl3KS6QlSlbsNoBwMdAlIAA+lXZ2X9kik69slnvUdclid3fwxJwguuJT4l56pStWTj0x5mpL2Mdi0+6XqK3CjtbEMrTILoyY4CVKWpaRzkJGEgcEmrU1xbRaZFnuMF58SYh7qK+BtS2N6ljAH4lLCj/eFVqXlntIktvJJkWW02WfNmsWlb0S3JSZG5BUhsZI2qUeVOKI4SOBimGJ+1HZse9XKPL+OmF5UWOhGERm1p2tqx0R5HP8B9acm9T6m03a5eltTaqZjqnOtvPtFjv3QSCQVFPAPi6UhgvzIwuEvVFwviEYDkSMnY6hCQAMpVjgge9dVcVDhkTbk8I5brq6z2sBEOKJc1DYCG0DDbXhCdvuEpbbSfU7vWuiydmLl5t78i4SluTLk6lyPIBJDatuUJI9SFrGfVBrrt+idKalQb3aLPMEBt9tuUnvgXWVckpA8+gORxz7Vctr1LozS+y1NxpL0yEppxceUgBSUknu+f4VLJ+pHrWV1viW2vsmutuXu6IR2kaVd0Bom4XlZaiP3Nn4KKznDxcWXQtX1wpSifcCqevVsdN7uV0ukpcS1qYjxpJHWSpplGW2x7qbxkV6C7QtOxL4+3qi73dE4ubXGmXSXsIKd2WkDwgblYGfNJpk05C0et79opacvL6lGK83cGkoS2vGCCBwlWVg/TFZ12yitzWWWsjmW36KKsURzUt9/atyjORbPDa2rdSFBuIwPIY8/EePMk1NZi7TeNP3TUkGxsyH+9ItrTzXgREiISlYSB0UQ4pzA/dV706dpfaFbLdFftUCwoEKQlbXcsFKWQTjAOOh8R49qhds1nqC3aAjxtOONPG1zVuSorjQWUNuYKHB57fE6lXsPeuzdO6G+McGHCeB11rpGNY7QyvSy48Jy7pizIvfuDvVl1DiwyhXkEgJz6701BX7oIT0a9tIUJ19kuOSE48bQawlSAfRSisn2SkeddWoTc9YX/AE8zEmPG2Pthi25PMRKSVrbV/GgDA/h21z6xRatSXK4PaWkLQzb7g880Fq2ltS1JCgf4SpveD6k+tFnHPZL2/R2vz5WkLI1DtkZmfFkpjy31Dh3uS22naseik7sj1SfUVAHrnLu0uQ00tam5j5dKRyVAKJAP61PrdpyVfLx+2rk/CjIVEQvu3X+6CVNtpQtJx1T4cj2UKX9haXbYevtmQpqXIW2ISj4mUoB8ToBwSCcgD+GorlCH+SsllDDZ9Daqdc70xURSgd9/WSEJIByM56jmrEtGjNQCUg3Ji1S4oSEgR8BZB5IQR169OnNMQt799SmNcNRyrg8oKCWlPbErCfwhR4GN4OPanKxWuxRpm213Kc9KJS402iQQztW2ogHPUAlsHHHiFRKxy4RaEUuy0X+yvT0aOiMhLkWSpLa1sLQeEb8HvMfu56dMGoJr/sismn7PIvVr1Q0DHdWAY6invAVEbT9NycewFSV68XbSDypF6vK3LiwytDcZLm9XjbK05H4gPuxzzuB9aq/V9+1B2gx5K4AXHhqWGWGina2U7896s/wthlOfIYrKvzR5fRMsY4PP2vZ91uinC/KkSkDxBRycHzJ/PNW79nGYoaTlKfcQlBd7sbU7nD4QsnHoUtqH1AHnVZdqBjWWRAtdmkrWhkOtSXPJbrbi9xHqMYSB6JzU37MrUhtLVwstzU04llElUZsZU4lQUErSDwOd2fYVabU1j7KReGWcu93CZYJTSVrYVfUuWx1lBJSh8HBV6lOCrn2qrrbBh3HtEttnkd6xIsMVbS3o6cl1YIDSsf8AKCPpipqZbbupJ9ustwVMftLDk8bB4VPpVnYj1JClZqvrCuYNb3G5wG1yDIubzbeFZIbSsgDI8hg8+lIw4Lye7gue42mLqDXPZoZUV1fwV1nTn1kBKw0xH7zKweAc7MVV/a5qK3TNZ3SfY2ZD0V950N9+veVKIBUU+gyTx65qw7zqRiNqN+azIS+bDYHlyWmjlKpEh1CEIUr02tryR7CvPWqpUiTJTK+J2y1LccUflB4CeB5fLXPXVtTkWnPKUR10rcpFg1jZVrUpLNxUtpeUDhRSOKvYAJ4B48q84266sOxGJU9G9y2yWnkuBXQjFeiWFb2ULznekLz67gD/AJ1vA4b/AJG7I9aUKwawpR0q5kjcFZ86K1UULH0vPWkopK8I90WkoyPWkPWoYA4PTlRBx/nXnbtqD921sytja43CUSWz5ZQruyfbeK9CSJDcZh2Q6rahlClrPtjivJnbDdbnAjuajtkpDSo0soe7zH3pXjanPXjAVXTpU3Pgyt+JHrFEZvNsnWiU6GXZcgQC4g/KhKGS4oD0C0q/WoTreyB7tM0dLaYZFuTmKoKSS2pCk9Sgfh71CUj3QamfZdfIOqNUBh2MxCQiLKUgZJDjjigVDJ8/Iem01zdraNZ2TT6rr+yY1wt9hlofbfhjatLLSw5hSep8QIz7HHWu+zfCWwyTwsku7UNTW9NkaUttiRHt0ZqG8poDu3ZG7Cwn3TkKJ/jT6UwRrexbLFfNUQD8ai7QYluhLWcKb7xsJX/e2pUn6jNM161BbL1bbiLRGbecQx+2mw98imV7UpOwcJyjuHAB+9zzmsdA6jvEi325h+T4hd3ZMcLb8LxZYUChI6ZG9Jx6fWr1xlCG4rKWZk305b5wsA0+0W7VbYie7lyEp2uSXhgHJPO3g/rTn3UTSyMwIsR2akNvB5kb0qbIc3g7vxEsL/lTA7cJkeypkh1xUqQ8mMy3nzWlZU4T0PKMenH0pDqaHZLK5KdbMhUEGM2s9JDiVO7QM+QDrmT6Yqyg58sSeEPGo9UXJIjaVs0dLV2lMuSJkoq3KSCpza2f+o/9Q9Kwm6dcsXZ63LmtfDzbyUQFtEgKdWsIbURjyS2FEn1rn7KLf/SY3PVt6wGsqUJC0EFI4yUn+E449AfWp1r1dpU9EuAuUdx9xgN22LJI2NtbchXB+Y45z83n0rGctk9iLwSn7mQy09nlpvLc2/6hnfDw/i3JTjCGj3ktzcraOP8Ay07sAjqQqotqHV8BesIj8eGE2+2tGEUpTsUprbsXtHlwT9aklw1ZetXNKsNhaSFbEsSXo6k7GVKUCA2Bz1Vz5AnFcNr7Kmn31sXW5LXcpSC+yhaFgKQVqQPH03kpUcehHrW9TcPdcUll+1HPKsf9B0x4N6kftTTuoEJkNqb5WxkIPep9FAnGPPB9KJOm7zetURZqpbcyLd5CFonsjKSkK6fwqSOMHrtqYx9C3LRUHv7nAk6htbTO6TEcVgtbjhJSTxxjP5136bs1su0mfM0EtbbDa0JcZkHa0XNnIOeMDI5HPP0qn6hJNolVyfDOyxR4hstwlIabdkz0uCaQSW1ZUooyfJIByPM4BPWqz09ftUW1DsWFdUt2qxuqfD7jY2oJJG7B5529B1wauC7TdI2DS0awruEdi5u9442hsktha0AJKs84wEjn0qEQuz27v2qU88Yzj0V9111IdDrTrq1YS5tHUBOeOg6+dZUWRabmWmmnhEaM5nVFyevk+yXK8PF5LQU4s/ePK6FKAMEAYPtmt7EWTa7nHuiJ78RceSgG33FKQ08oKzsTjw84z+Q5p0uTuseztmRLcubinnIoeiIZSG0soWT4l8cYxgY55pytLdr7QNOW2JfYEiWGnEuypTziWCsk+Lg9UjoD54rSVmFn9pCSzz2denV2jWrEnTt0txt64Trct9tfVLXd7AUqH4SecDpn3qsrjYtTO2t926zHnO4kuJ2KV92drSluLz/0kHzJq8DpmJDsUmBYFF64fBPohvLd3lxHXu8+Y4T/ADppuUV2Zolu3aijlqZKeZW6WkE9wz3RJGPxEAjCfNShWNOoUXwaTrT7Ks0Toe1apiTJt1c3CAoNbArZtSnHiKj0yCP0qdy3dK2a0iyRp41EmSypsNodwI6z5qd6hWEpAz6e9R26XBmU45Y9JiRZ7XbiVSlbQS9hPhTg9VEDp1JBqPz498uN3XbY8UoQY6G2WwnK33nlBCCsjHiTuKsdAAPeum2t3LMujKDUFwWb2e3+HeY0mBPiOy2EqbCpjKd7SUAHG9ZwFKC1BIx1OagvbghGlkT4FrhyLnaZ6W1tMycLbYUnxEIV+Ep3D/Cpbc5cbTmlbVp6DF7tyQHW0xR4lAoi5CyPJSlt7ik9c8VB7rO1+vuF3Jxq5QmnVrDkfCkOtFee7UPbng81y0VuUvwbWy2rBEOzqxSrBq0R4l0D9olNlALboJeW2nIZH7uTjJHJ2ina/RETda263ubIsqeoIeSVZdIPKnFj3VgfkaiXaFLskC6Jn2iM5bEyHFONLiko+FdJIUC3ngYAOff2p57OEquDjd2utwbvL8RaVMSN5TKjjnwrJ+dBJP5k1vFSolvfRlL3xwS9lppc5sM3j9l6aYc3NqcPduykp4KuOSSAnrxjFSYaYiOG3tQ9bi4TZ7jhTCdSSgpCSUjxfNwRzT63YNEXW8rhSWFNCHHbEmNKRgpONiUtEcFCuTn1TUc1BpPWkTUNvl2Yll6Mh1iMtTWRHho8KVZ6EqKl+/hHtUO1WP2kxhtWShftO6buF47PUXmVp6fAmafkIXlvPw5SlWxWQflx3hq7Owq4J1D2b2qZAwttMYJWoK64/wC+awv+q9Oa97Objo1yQ9PkXmI6yvv3doQVJICh/Epe04HNV99hzUD970wNFuKw7DmqS8Qo8IHKh+iT+tfOet0TssjI+l9G1XjpkerxHj2ywtNTShEh9HfqQk4JCiE5J9wP5V48+0n9pZel7hLYa2InWqUpm124jwurSlxPePHyQnA4881a32t+3WL2d2nfCShLUdaULKjy7tSFNtg9cZPi9AkivlrrntJvfaXqm5aovaw5MujqQo9A0nolI9h0969emPgpUV2eFfZ5rXM7xfbjqHUki73e4Kly7k8446+7gFaj548h6D0xVw9ifZtdI0/+lsG2t3lmESHEZADaiDtyPPgqxjzxUH7OdDWy63VEO8pdZW5juJicYHA8J8sf616x0PoC7aWgyrfBW1Ohz2cFCFhtxJHRYBxnn38q3prWMPtmE+iybFri26Rcevdh0C+iQP6uuP8ADBt5W8EIWv8AeSSfL1phNuc7Q7zA1cz/APLpUbdGetjye7Sy4ppQQ81njAUrPPXaKa7BqrVWn5DX9I35Ud5kltia4kKTkcpS4PxJyAR5girStWprLfSBqOAhlL0NyP8AEMAOtEjdtKSOcAnzGR5VLqlQ8wJi/KuSu7zoe66UuzyWNLRrk/CcUh4yFFa1KShK92PUpWhftu9qlNvtWkNQTY+nm7W7C1O+WpEmXHfK0IJ6JBT8nGBj6VYdlZiXC0N2yZdlORS2llc1TRC1HalJ3OHk7gpKfXCRVS6g03G7OLk5qBd/UhPxKIzMW3O+JbKSdq3FHoCGwT55NXhdK5/kiUfGsmuZKu1o1DcLPb4gh3FL6mgstkM3BAQoKbUOAFKSVDcPb1p61/u1BoqJrK0laby93EhTZO1YRuW2tGfxAOJHHtnzqXaN1NpbUTMiAw89I7l0PF+QgLQ2vHA3HxEHn80/SsNQWfUErUtovdrW21CER4zApojunUL4Vt8tyVoIHru96ylYoy2yCjuWTzlqOdq213BHxl0lOvtbW1YJ2pUAFbMdOAofrTsmP2jXJtiTJYkw7e6kuPKiNpCsFKh3ih54wKsXtK01pe9ahfuUm+It1qg+BDZVhUp0pHeFHmRnncfXHlTbbu0RhckRdOWpfd28BkSJKNzD+394+Q8q7fL5FmKMnFZ5IfceyKdPbMuPce8U68pTshw/dlaBuJKByCEEKz7EedNkGyXrs3vsDVdva/bMBTJBQEkB5hwbc+YIwCeehV7VZK+1Z116XPYNpt5QwUykxWe/SSTjbjpggfXrXRoSVJmrU4iwSl290qcbKGChDKzuGUpUen3qVY96yWougsSWEWjCP0U3KuzcC4y5MCM7F05d3dqQ22Q7a3Sko3EHopKVK3Y+YK+mGTT+nrnbNRPh1sriR4bjjvdjcl+OpJSkJ8lBeU8+RIPlV2a9iW3Rq0ajttyYlWu9PrbutudbALoQdwKSc7VFCgPcYqPWmwS5+lfjbHCmLtdzCghhlKi6y2VpJwonlOUnKfPHHNWhbiLkV8eWV5qHs/esWjWLg5IEl6O4h98JUe6WwsNBKEk+aVZHHByo+VSS/MIlO2xNphhxgW9qS40wk7EtKQHFblHgJRuwAOeCT1qR9qenXbBpRhu4R+/ZkQm3FynFkMuOlOS2E/hCBhIA/dP1qmbLdbzpOIianVK4guTK0GOgFxXdYySpJ4SCDx64zVYz8i3ESWFg6Y95fmT0XSUFsMlxYiRmUcJSE4S5tHUbsHPng1I0363aeVvjuocuiGkMhKeUsKxgZ9QhSW8jzCai6d1xiony9TSZDLSkhbTUfa8hrPUjyHPlUs0pomyypdvucaZcFQFPHD+xKhxjIwOc+McGt4tJZZms54H+x9n95uTMWdcpUkXZTyJTQUreopSpIUM+ZwEqH0T5U6dqGnJWiNOw4q0iOq/ymm2WQQFFpRQ4sD+HCEjPoatrT+pdF2kRGos5q5yYjhaJS2E909jYnvEnrlIAwP3aqDtrsE1N1Xe9RXpuVIWS0w7MdKEx0kkBPdp4QOOPUEVxvUOyzD6NnBKOfs8g6ukLl3NYxuVJlLUwlXQhR5UfPHQfVRqfWlV+t7MG5RGFoYgRzGRIaT90dpKlJ9wCsjn0qF6obgouT09UhbkxkKbRgjaleTjaB5cJNW/oyHNagW+HOWFRVwpyX2yvDbiDHSs5/iLqlYP8JrWNiT4Mxez25XBUHUN5iWsJnzIsltiSjw7VKb8CQnyKlJOMV0Nw5WiYkexqtKpnd7VT3m3NqyVfOhJHkAk59SVVzz2L4tQ0rDkMNR462nX3mvC2hlpCkZCh1IUU8+ZBrXqROj4VoW9bbhKmXCZLcZZWEKDaQlKhhJJyVbgT/eFXcvsEg0sbbcdGau1WuKptN1cfgNJXwQyw22Qojy5ceP8A/HVB3syZjyVghK3gX29yvwnPl74q9+0uK/ofs8tehAtsSnI4ivkq8YUtSd6zjqSe8SfPCzVHagYDxfiLJ75gbkLT/ID2rFvDwSjGOxIa0rLkSENoL7JUhCU4PB6kV6K0xJVL07bZC/mXFazk/wAIFeZLfdZ0uGYzjKsL2sFZ55JPNejNBKUdJW5Lh8aGyg/kSKtHs57uiRZHrS1hketZJ6Voc6MgojiisaKFj6YZHrSHrSUZHrXhHuhRWJ60o6VKBG+0Z9TWjrk0hxSFSGS2CnryMf5mvPPaRY25WiLtvjF5TDq3CDyrLaCArH0Aq4e2vUKrZboVrafQ2qUXHFknkJSnGcf3jVC6r1fZbDpa7yWpXxMi8Mx2C0pagoBaQVKHof8ASuqlS4a/kxm0uyudGMsxLTHmpYU0/LlKS3N5w0StO0fqo5+tP2qpWpJUe8MuX12CqZHKnGCgrbdVuURsV0AUfL1A9a4dKWN1VgRGid8lkurlxmpkhKCSUhKgpP8AdSRnrU40S/CuJhRLjEeluoe/q7jDXe94nckhKgSMYITzXfZdHc5Myri1x9FQdjCJNznW2XJG1iNATaropZwGw2n4QJI9TvYX+VWjoqTp1xxpMuM1bbnZH347iFLw2HnE7S+jPHklBHlwainaxpd/stv8i1Q7kyr+lJiznGW/nQ8wtSVHjzVuScD/ANEVo7Q2b0zeJ1vEZaIt2iGadqcgSg1udSFeRCwsH2QKrFx1ESJezksNNwsTdos0y3uoutxbdfkGEyMoigpShIUr8QSlKQB65pimJ7m4NI1JaHJCN6Ww202CzDCySSQPmI6n2qNQHIFshxIEu6/BW1lllctzaSuTJU2lxSAByQnckY6dal6rbYlQblB0TdZUa5W9ph512avuwVLJVtCVdE4I98da1WKlyZv3cj5fY8V/RBvGjLm663aMnahYKVlSkt4Un1CSTj+GqxuVnvcy/wBvYuM9x5UtTTRGPlSUJJCR6Akj8jVnW23XDTempdyQwxLmSXmH5EWIr7lwAlJcT5f+YM448Nau0C6Wq03h+8RoLjl1mMtQYu0eFlzYO8c9hvUhIx6O1nTclLbHs0shwOltZ0HoxK4LcB12Y0UtiSkENpVwrLis9PBnHqBXfbJN/wBYSS7JldzbLY2nvJSj90y4hCXFJbxjgbUjJ6H86rSDZ5brMVCniuIiSpchTrhIf2JC1OKPkklQSP4T61KLprqNY7FM0fZO+kFEcfGSCkbVOL2l4Y98kH0OBS2H0uxCWOCY6019brUxN0ncFyH25DK0Ft1RIUNqFgrI6ElR+X6eVQ22TtL2uwRr5CcuTRfcUmdGiygO6Uo4ztPJGAmuu+3+RHksuWy2N3Sw3FDsllTrWChK1FRIWrnjO3aeAUnFMTNz0m+hRiIjxgrlYfhKPAH8JwatXVGuGGTbPkmdmv8ApJ5/46ZZI1zJAT3xXl5KBwCpKsZIPmPWpJBu2nZQguW6NOanx3HWwG2toWhSVcE56DzJ6VWcTS6b4U3BqNJmJcaPcIYj/DoISQQCT5KKuo/d9qm8N+26IsVzuExnaY7qIiksL3qCilanSFHqCrCOeKx1EFLiBeuaXMju19qrTVut0uPqK0omzooafQjvN3fjvVpSjP4tqhn86o2TqVdx1O/INweiQZEhKnEJO1tLePCOPIeQ9c0as1PM1jdAIMd1AkL3Mtq8SiT0z6ZGOB6042ns1u0ptDl3UplT3eFsN4WAEt7llWPZScD3rtppr00MT+zGc53S9pOrf2rxtPWoO3FLU15S1FuIn/yW0p+7Dik9N6uePIe9YDVcnVcS9Xdd1LKbjEiTFISr+wCe9SsJ/dAWnf8ATA865HOyq2WLfctRzWYTTxWmM06vB2pG1PHVRITnHvXBp/S0SAym8xr/AAmGHd6THkoI+Jb5JQoDOQcVgo0rMoo1bnxGRtg2ssRLdBbJUvunXHCfmW480EAn1IL7KEnyJXTncr5Djatg22zR8zVux5Ep75iyhCThkJ/eCep9TS3921WJly9NoeCHilpiSfvEIWHlO4AHIVlTfXjCE1h2N2zTVz1bIuipk952PFWtan0JHeKISSR5pUfm/JVQ5LHkfSJS52ERd0V2gNMO6ocEiRPadZmJaPiT32cLyOvDeAR/GPSuKXKn2iSrUFgloSxKSDLgBta0okJUUuIAHmCkc/n51fl0t17alSJQltKt8tsvtlLiu8wslZVj1JVj6bRVfXLQ8KTHdu3Z7MVFuLKFOS0qThp8/uKQfXHXGayq1Slz9Eyp4K41PddPanjhy5pMOWU4U1Ki96k4+mD51Voj3jT90/aVhuMZUZZIKGHFIxs5OAR0GRkdBmrltVzs9/1T+zNd6bahS2GMIabdUlDvv6evOakmsFaNWmNarHZbUy1CKESzt8ISfEUKV6rCCnI9R6V1TtS4ismaWXk5ez/V181ClufdZbSEsMIYfU2lJdO4naCR7BX611ap7W9QNR12hlZQyqYERHlqBX3bWwrQr18Qzn39qrmRrt62ougtsqPGW+407G7pKUJC/h9iQU+Z3K6emKr+FqK737UEaRcpJkPPPFpBPhCd5ycDoME1XT0KT3zjgidzitqJ6H/2YJc+OxhT0d4NhI5b3IIStPoUgkimT7LrCOzO2drHaFKQ5GgtzBCt4dPOFNh94j3CC1/1Vc+ldBw5CFxBLbmyXkR1PtvDalEcle5SVevgA+hry79qrW0eww43Y9aZjsUwUmZcSzgJW64gAoJ8yEISn8gKz1jqvmsfRrROdEdv8nnztl7V712s3gtTLk+9b4Y7lsk+QUrxn+JRJJpi0boeLfXEMNulJSrkNpypfokeXXz960WO3sS50e2MRUhLi0l1RPOPPP5g16h7H+zL9lPxVW5iOmWpS3WEOZ8YbIKk+3XH14rnlKMnwRFS+xz7JOz+NNhwbPcrTHgXNlkoSifuQJHiJBC+hPPT2q0rjatU6FaZtVzitTmXUju2XElwN8ngeY/wqzZmkbHqzS4euDahc46UuOltCUrjJ2g+HHBB4+v1qu9Ja2Fluz8a4z5EuKnKG3lAqIA8wFcjjH55rp083KOUjO2OH2OUHQsi/wBt/aMvRMuM0shLJXIc2rx8ygk9AkEEfWn3SugGdO3Fn9rWqPEb7pyYQh1TivhkZOCnyUpSMD3SayldsDFxiNuz1vs29DymI7aVnvHcIKipQ/CASio3e+1oOz5cu2wnnJZQWFv5wh3O4nwnocuGojG+324wid9cFnOWOvaJ2kWJNuXboVzaks7t/cRchSVAJO0eSTltBz7H1qmLlebheH3ZM2Qp5b7+51JPBVnGR+f+IpYtiudzdBtMZ6QMZeKEZwBwT6eVWbp7RdnMhuK5bzFmNxQ+iRIc+7C1uJQAQfPClq/uiuyEYaNYfZi3O55XRFtFagtliYYfuDsmPGivZkJjoyuSsnKUqUegGxP/AFGppJ7Yrlqi33O02zZbZL8ZMwy0rIWpxtzcWsnjZ3alj6ina49mulBbzcrpercxGQ5vSjvwkuOYSBnHXBSs4/iqCXXRVl1PdVR9C3hpSGmVb1LQpCConKeT5cDPskiscU6mW5rkviypbYnfr22XW9anbtT70duGGkokBpAK0tskJSQT5rKk49TxTWxaGrhDkJU2pLTDMgsQ2fE0dvhRwPmVltxWT6ipLKst6jW8yrs60zeFpbhl4SApLgSkIaUkjOM795B/E371F9RXy4WCFJsemIMmU66XEmc02RtY2pSEtDqVEJUc+RUaqpblti8YIx9yFsul9P6bjoF/uMVtuz9y9JbUoK3yF8KUrHUBO8JT681LL52jQLzLah2NLkhlq3OT5gQA2HitYSnaB0UCU8dNjafWo7auytyVpq3OXyalHeK+LKFbgHVqGApZ/dabSQQfNSvPFNV70qjQN7g3pFyjNWV1LcJ9WNzjzLh+8UUe2EqHuMeVVl45yzJ5NOUs/RHNZah1jboaIsxECbb1qbeivNJ3MKQEhOCOoPAODyDmu1m822yFCdLX+REg3Ftt9mLLSXW1rSSS0hQ+Unf09AKZrtNc0xMmoZd+LtsqQSIwaI4KiSpGcjHPJ6GmaWzabqylVtaLjYJcCIboQtJzyS2rgY46elaqEWvwZObzwTe527VWo4zrtyurV806UKbMVDmHY4QcJ2A9FAuK6+QHWo9fdBy3IjEmyGLNkqUsOoeY3LbLQQ2G1j8OU7SPI5NMlq1FerU8tLTUxCVfcd8Y5UHUdcOJ9eD4hzj6VbGn7su8urvbNsfhocabMpaHQhtQQQnd4huP0PT86555p4XReDUnh9leWuNYb1LgWmTCVF1TMc3LkRXAUtpUT4FJHCfcehFb7NqOXpq6y40KI40iDKKpsIjaXUJWjc8znooBAJHsPI0us7VpjTN0RqmwajUGQw0qMzEBS6Uq2lSlrPqoq6eQqY6a1Dpa+w3XGGUyXYbi3symwcqKDuR3nXkA0b9u5kqPu4GLtFMqwyLbeNOqaelX9SnZKQ2C33q0oUynHkdjiiTVR647StRzjMb1BMVMbX3gVn5hj5R9AMAewq8YS40nWEy3SI5bs6YyJDUtxWQ2hcdPKc9dgRt/M15617bJMZuRep7MaPFdQfhGs8lHO0j2xjrTfDaVlGSfJS4vCrhqBLzhIKVdCeCR0H86uu3TLtGbulnaceCmZjZabznKHdwIHp5frVOxLfJMqPcYUMLLRDzgx4ThXSrz0jqCXJvl0vkeG18cWYr0dDqR3aVpeaSgEHqMnP0BqISk3wQuyb2+22yLZYVhvMvurtdFBhplSMIVsdd2oWryyHFZPsmue6aQjjtG03FgsuSrVbt1wcabQSnclIUtWD+8sITz5VzSdXG89q1stsdmD/V4raFSF4WgrQCrvSBx8pOQepp7uqYML47WU2+qQi6tlptCHPvW0pJ3qKR0yo5HtiogpOzk1l8Svu37VUG86htFwaU0y+VK+JYYUrCFddxz+I55+lV7PK3pb21akrfUktYPmB0pu1LKe1JfHTBddXHZO1DzmMrIPKvqSTQFJYdhMqkpdIcKxtPiK+EjP86tOODBj9p8JXblNOxFBDjbhKlDGFZ4I/Q1b/Zld49zsbzTJP8AVXAgZ6/Kn/PNU43OCnXu7WCwltbLaM4ACRj/ABzUu7B5i1TLzGWkhC0Nuge+cH/AUh2ZWfEuc4BKfSlCiOKQkZPr50lanOzPOeaKQdKKFT6XnrSUUV4R9AFGMk58kqNFI4rY2tajtAQrk/z/AJZ/WoIZSPbCzJumrVRGcn+oGI3+6lxSup9OCaoo6PsFsvMa3Xqeu4PIm9+tgH7veCTsWTzhLbefqurj1Xc5sCPctUWsJfkzVFafiFnayVJWtBx6gbMD1Bqhp9rluz37hKuEyRJDT+1lhvYp1a8pcWla+FE89OcAeWK9PT7vvo5rHjk7H3xcri+z3gQJim4ycDCspZCwR6EBSkn08NPNg1o1+yI0VxqLDu1oCo/xCwEHvEjJyfcqBz/pUfsOnr3cpsbU9ztrMe0sSO7jsKfUh0KUs54+ZaldFe2PKtXado+Hpu32+bFX3rj6Uolunn77Z0I+oV1roaqcvHIjLjHciG9s+vbjqL9lartkRpqTa3g80s5UHChY4V7HdjHvVi2LW8HWHZzcrm5L76290pG5KQlai9hSVN5+VRU7KCh1whNRPSnZdddZ2J6SHY4aaAkpZPzKA6AeWVFJwPOo9piFcez/ALX5mk0DvLXHmrkNNPn7pfVKUrA6BLiz9MnypfGtSSiTVuayy4dP2DSMqFb41zfXOIcwH3YZDbjXc88/v+Aex4psvXZxdLRPla1jzFOxQiRMUh53BcfSrDDSk+mDyD+7jzrU52uSXJq48ZFrC5Ku5SllCn3CoYCVpQcJRgYOenT3rq7VFuRtIMPtyXkl9kLedKlHv3HFIXkk9eVDp5JrCPk8ii+i7VbXPY4dmPaVKu6HH7xGDUWM6e62qADLKWhwQPPao/U7cdK3XqSnU0qHfZU0uNokSSlrjKWlpK0EkcEoC0DjzFVponTl6vrTrcBbiGHAll4pOEjorB98JFTzTOmF2NmZFmXOJJZlOKYjMFZ3oVvCO93fhRjr64FdM6YUyco9mMZOxNfRjdJQkN6f0LDcSy/cJQbfWlXRkBDe36qUytWPp61PIWnNNQJUrT82OZs6QovvJUSCp1WFkEjp4t3B4whNVtpbWCrb2qpfvVrZjlmUtcjvGgp0qSkgH0QAORjyAPU1duq5ttZ0y5f27f3yno5decaRhTqfCrJV543EA+1YXOcWkXqWVuIhcLFftLwUvOQ4uoISO9dXFwoGKhSiraCOMJJIx7Vx2a4aG1PeFvzbIqCqG2kIjuuhCV45Pp0z0NPzN8/o7ZEzFMyblZ5WJJKVgusg9CT12g9R1wfSoixoZi6asfbtz71yiqCXnz3iUKQVn8WfyPHPOK1ralHDKy7Jvce0q1hmI9EkIiw4wdjRUtN7W1LTsIWoeaMOLT9earLUOrZeoESY0G2fCwi+5IUEqKjjeVJz7AqOR51btm0X2cT3jZAtDsmNuTJdCTtbaLedyvLJ5xjrioDqLSTVm1ZatMMzQ1a3UokOOlBypKQQ4pw/VJ4+h86USq3NR7LWqePwbOzPsvk3J1u6uSgytK94QocJTjcolXkSlRwPLw0+O3N2ytvs274v4R5559bkNguDcrYAd2OE7Upxj0pwidq2iWbe9p6wtuRIEfepyQ6n7x7gpOB5jd3ZHrXI5ry8zLWIceAvuJDSDvQ2UtsPJGSAkdE42pB9Qazs8lk8votDZWsLsjV6nzLhdGZ8iJGlRyruRLU4t5TWTwCk/IeefrTddmLjYr2xbZ9iaU8+kqjPxXVI3pPmkngH2qSsz9Z3lapkaxJgrxtK0oBWpXQlYIwrjFDuiu0q9sBqTOW8qGguxgWwkIa4KlA4961rsjH2sq4Ze4ZDeQjRd8tbzZMUoSgqlIIkJe7xGCk9FflzUR0vqFNgkuLdkONF5oNBaTu2KykqUU/8oUP71GoZmp519NrnvOzlR3QylGzndj244HmfT2rsc7PW1SP2ZdNRR49wEZx/uwCtKWw2pSlFY46AetdKjXCDg/sxy5Syi94+oDqjSDE+C++yJ7TyWHtoOVAhtX02lSSB/DUZs8uRJtHxA7mNewEpfSpGEPAOut7M+5Rz6ZFRG16c1Ha24lpXqZuLFkBcxLG8AOApUFJZUeCSlQ9CFYro1fcbz3EO02aEWJOS5LWD4UK7xCxhw8E5bW59XsVwfp0niPR0Ssk+WRXX9hhainxb7BhS410mPGK7CBAO5sIKw37bVJPvUutnY1HvennrZKuz0R6R/WsLASVbCoJBB8wFK6ccinmTpCPrh6zX65zG2bfCgBVxVHVja8VL8YI8ygI6elZunRt6ucS5R5M11bK1N24LJCnVoCQonyKUpwojzAxUzuntxHtExgpPLPNmveyS9aBvD067y1NQQ429HlO5WXspS6AB5ccfkfSpD2U6B/b92dkMW12avvMsBRKUISV8KyPoo/3RV09vSfjrDPZltqWhwtxo72wK7oJbC1KKfIDcRn93OOtU2e0fVmgYlp0fZUtMNxW2hKWlH3j7+eQT5AHCf5+da1WWaipxj2Z2RrhNNks7Zu0K3dmOiL3LtUpbhZiMQbc4obUyFoShBKR1UBkLwOOSfOvnDqK56h1pNk3W6PuyZct1bjzzivvCSok/oCB+VW52/wDaDO7QdTsadQ8pFvtMYRm0oXkKdOO8X9BtCfokVx6M0jbpE2B3khM5a3f/AArJ8ZzjBJHTkj2PnXOltWH2Wm1N4Qw9kmmYUHXNkN4edcgKQHZCkdQFBQTn1GQa92aNtjF3iWa8wUhEqAH1qfUja22txgKz7+JtSvzHrVadnGjrLcbhrm4xdPQvi7GGiiK2Stl2O2hLi0KP4cpdzkc9cdKsF/WulZ1rVEjInWtDjKWVMNeIbMYCU58PRXXrjrUwh5XuJ37Vglcm5xrvMXq6yS/g02OQRce7+RyMMKPh/EDgpSfUGmvQVttOqZcq/wBzhmMVFCXY7kUFtaNoAUhQ6KwBml7OEaZkWO7JlW56DZghBlvvuFZeCTvCcdM5I/UU6y9fToli+PtVuaTp5gFi3spb2uSXEhRIJPIR3ack+WBV5boLESEk+WSWxWbQms2vgE2d1hUdTjTsl5hKMNgFKUhX48qI5+lU9q+wf0Zv7Wk9Owm5rspISiSs7nCQgnhPlyDironXdK9MsXC7KW0qcGZWxpsJXGZS3kp29dge3JCvXFUTfNYOyVvahYeYcurry4ceQznLEcJG1WD03A4B8sGp0juche4JF4aD0BadIwAb1d463o6koTHjqG1wqKtwcx16gVwamsLmoxJusK6WVmS3iSG9q17EJASNpPAxj/GqB0/rG82N5Xw1wcbQ6dq1LUXMEqSd/wBU7f1NTG23lBkMIa1ItKy0GXkOR1pQ63jg7vIg7lA/xGps0lsJ7siNy27UbtUNasjs70Q2wpCSsxlMpdaeSeqmVefrjrnNMGoY6LZBhzpNvzBuaMNSISiyveByhaB5jBOKsD9h9o5hIZlP95DaKlNpaAC2842LB6e5z6+9RXUNv7Rv2e7bJ7CbnAZc+JCFsbXCrYod4kgZ6JWMf61eE8NRfZlKLfJjpG9xTNXb7jcFP2mUgRlJajYfb3Jx4wedx4AUOhwarFMl63ao+GanTH2W5xYb2yCC6jJx/wDT+lPd11y7EkqchWGLAu7bYadkJWSvPXkHjOAkVBHPjG5AfG5f3o+9PAzk8g+RzXbXUm5ORk554PWlwuFp7QbFKcnKWGIaHBFS2rZ3am1gPbvUKKgR5+dQSfJ0/FuCbRc7Z8TEdUY+95wFCHOEhK/T94E+ZFRrsn7QY8WzXO2ahuh3qeZbaYUkBKmnFFDpPqdp6+yfShsRGrze7gt9T0Ocwl5SkjCG3BGC1uD23ZTj0PqOPK8bqk19HU570mNOp03Ls7edbXDaumn5BLvwpVlcFauCAfLoMeXIpq0z2faRvqmNQTrvMaYfUXHG20JBbAPQqHGefL2rr1JcH7pYrnp6+LW07bihyLLSAEvNqJ2pWfMhW0ZHUpPlUZsOh9XT4IYi3Esx0KAcYfKkBLmQpIVx8qiMZHHSuiPw7wYYyyYzrRpmCJkyDcbm60wrbFbUr+0WvwAr/hTzz65ps1xrizWBlOn463gPhUKbcaWVNlJQCsnPO4rJ/wCkVDNRXjWNmfXbn21tOvFwIA8ZSkKJUjH/ADHP0qJSGr3qK5LCmXnZGAfIbRjwjnpxipjXl5lLIc3jajmu17dnS3JCvC2oAIaKvkR1SkewzTvpHWETTrzcyXLUyY6twbaSCXXgMAqJ42gK5FdUfT8NhkxZMdticyyHe9cX4UqJIKVA+wH6003rTMGOFB2bH79xAW0wh4E+LjkD6Ustg47BCuSe5k8uXaMq/QI7ke3KEGPAcWoKSC448pa07t37uGyQKpjtCmy7s2h65T5GXyFNIcOShGAEkjy4GMe1THTsK4xrZLgzm1tiO6wVFQIy3tdwPdOSfy3e1V12rzktzoUZ4qQ684cpPCkgJHX/AH1rnxGtcGo3W6fHiWl9iRM3FKVBleNu9eOn06VeOmG40hprUqGIbrEWxNNSCpzY33wUlSQfMkYBry/ZlvXGSYS3x4Xh3SXDwVE4Iz9MVfNzgQdL6fbjmcwsK2Ody0rcCojG3+X86inj3B5+js7KrFNvWv1t22QTJnpW2ytCPlxjKueAMbx9Bmrn+0TYNG6K0Q9Bts9qdLiBqMx3eQltxSQslRPKhhYx6nIPSmL7LkZ6LGuPaG/E7tiEVdy46jIDYH3pHqSS2B9FetQLti1q5rS/yJ5AEKCve0nGEuq25Ix7Ekj2x6VDjPfufRMsbfyVEw04xcDFLKU/DrQSR1KiQT/Ks5tnkRp0m5RWCEJeUtCeqgc/55pytTCZE2HLltqV8Q937uePu8EA/wAzWN1uhQoPM7mnJqmSg+wUev61rLsxNPdtNodjqSSkspLePIqJJ/nUw7JnpFt1XHgOthtl1haVnPKzjimnUFojRJAeblpUhnCXNvBA+bB/NVYWK4mJquyTWiQ27KQ2Mn8KgoZ/lUopP4nopJOAF43AYNLWCTkA+w/wxWSSMdasjiiLRRRVi59MKMj1pD1pK8I90yyPWmTWdx/Z2m5rgWUqeQGEKHlv8J/xH6U81WPbnPmIttptEFKy5LkrdcKTja022Qf1K0fpV647pYIbwipb9r1FpmsolKbaZShmTEKuQ6vetO1QPBBGQfQE02ze1KzxHGoc77yE66Xoj/coUW1pUoLQsD5SEhHT1FQ7XsF3Ud4tltQh11mOytnLSclCA64d3uckfoPepFG7LrNa7ei4sW124ORtgfKkqUhIAG9RT+9zn3SK9TZTHG45U7Hn+CP2XWT7+uhfJU15cdpxbkZtQBbGCSVKHkhKU5J6np50/wBziWG46VkQZEuQpD0w3OCTy4WleLPHJPiWAPLNbbn2DyXoEq922cqJBeb3Mt92SvxeHCfUJHUenNM6GnmrBa1Oq7t3SEgRVoUSVLQk7g7g9U5A+maWShN5iRBSxyWDo1+1RLK1dtLxWy1ODcssSnQ2Y/dp2BBT0JIQlX5n0rzR25J1foLWzep24TLcuHIUtxlcfCpDLvLyQoEpWFAn3BANXRo2/W7TEhGipDS3rdctijcArf3wdwHAlQH3akhRwOoJPrSdsz9oXaJDt9R+1LWhCIC32EjKVDKmnFJPI4GDg85J88Vz9PLN08IgGlott1fqBeoLElaWpCWJUqSUgJjxiAPBjyITyeuDj1rv7WnVSmLZBW4+EQVuxwgq8DzacJaUkdOGwBmqt7GNcRtGP6q0OiaZMJUZS7YtzIU+xuUO6558C8j/AKfSpe87P1df13yVFUmBGc2NuJ3BtSN+QE54GSpI+ldNeZT3/WDOyOFtLRt8xjR/Z2ptmG6zJejqbckJby4EqABx/ESFjcenFQVLq7XcWIybRcQEttvtONvd93jIVuQdp4UE4OR6mra1idMwHU/tR50SWWmkju1FJQgIG5IHQqKs/XOPKoLPa1zdIbk+0xo0GDa2XVMKZQe8QyscgFXPTkg9MmrUzU+ZFZxwiF6svEg6zkXZqYtySj4dC3C3hSnAyhK8p6E+FQ/n51Yeke09UrT9usNwiOuyUfEoecV/Z9ytSMLI8ilOQB61ANLQre1FYvt4YTKVKltMtRnFcFokpW+fNWFBI/Wp7dL4iz6bcvulWIaEQJPwdwiqQFNAqWQNueQQpJ49x610WuM8QMaeMj7EvCYerLZpm3sCVa22Ut3Q58DqVpSFKyehSE5x7072a0W/SEyRfb5Gen3i8yViEzHVtSGV5ws+h4/Laap21366alvIdnPdzDZ3SZaGU7AUJI3KUfMgkAVZb+oh/SeZqG5OKELbHt0Ag5Sht9CwHUjplIS5n6kVnOtwe1dGkJ7lksnTN4sV/sdwkWxtlLaEqiq7tO1xx7xKJz5hYKAn0CVetVNr7Ujzl3vMP4t07lIix0EDDbR5dx9dqBj+M1K37ZeImkoUTTt4tiEXNIlOLKgkLcbAQkoP4ThtOR/Eard61X25X12K/EdVKfcKleDCNwAKlH+EcjPtVNHUoylJlrZ8I5tPafvF8ntQ7PG7wrdBDiz4UAc5P0BAx7VPo+k9Pwi3I1Xrvcva4FNtuFASoHgAA9K67XIuU62qtmnocW0WyMfHM7vDklZACgkq6A4HNbFWnSmm/wCt3axNOPxnY/epdKXNzS+8WVqIPGQ0rA/hq9t+/gV17SdRdY2C1WWNHttyffdUlAWsIAUtKilHBPBAKk8+9a9Xa9FqtIFsmLXImpbiMR3MI7pW1raonz2l/keeR6VD52o9PWZiNOeY+Kuz3wwjwQnwlPdt94MeQ7xo8fwio5p+zSdXyGNQzVvKSl1SFtK+UOlbSEqA8gck/VuuKOniv6kvo0c2/ajdoqyxlSr5ddROORGri5KtsJe7xIeUHFLX77UpPPqoiog1Gu9vu99TKX3irbbZERRPRGR3SEg+uVAfSpBrue5MTIERvYYd7bYZabPBJaO8D6rKjn+KmDUEmawyuzhSnrpcXvirlsGVJcV/ZsjHXaMqPuoeld9edvk+mc8sf8j0kSL32euQ3u9nzW3YzkZ5GdrCnHfCyD1KyFKUcfupqPp01qjMGFOiXLfNVtZQ6o7SeFKKsnjaMnn0qxLNKUzdrJou2wFIuMBCrpKZIwkSW2l900R5kKPJ9wfKpBbUMWlWsXb8+6xAlMs3OG28D3jTS1LS4gE87gVJQQPX3rONvi4NXXnDITJnTV6TRpDTTxKmJyo81xBILgUcJUB+6VKwf+UetO9viQb1eIkq3MLcYsKFxAW14dKo7ylqXt//AHG1gk/vJx0rhsL8WTPja5tluNvDFzXEnNoOWQHgS2s56YxjHlt96jOhr+9Z7jNjCO41e7bDkORVDP3i1NkqQtJ+bg7vyxUtOayiFLbwO3ajrhqWufbJFvlQ3e+UGVOpICkoylaB6gBJwfOqU1RqGDYbFctT3xTj0hCZCIiU/M7IdyUEewLpV/cq97XZ39Y2Yv6wnyVW13xMOqYCXY5woqUpZ8iEkY9frXkX7WUqBZLnatHWZ1clMcftKQ9tKCnvBtabI9kpJ/vVWNldUHFfIiUJOalLopafYLi8w/c0TlLf2kLAHKm+uB7kEVbfZXY29ORVz0FSp5YQ5KeSNwZQro2P4sIPPvUW05JelW2REtkJUp10N4yMBolSUg59CEgfrXoXsX0JBXo/UNrvU5uN8DBivuvrTgqCnEFSk56nYkgf/wCQ1hpHJRbl0bXKKaaJ12RWCd/RjUL6FpjC7ahdtURDacrXuUI+9Z/dSyyo48se9OrXZnaJEq4fA3px9uwSO7uKS1tXghXyDzBUjb7YrX2d3OPfdRxWTIVA0+hV2uEZpPKglxbwcWvH4to8PpUmb1XZNMi/aitslFyRMhswHHWk5xNaP3Ti0/uuNbVE/vJXV4ucXiJThx5I6zDuFwuk3QU6G5Y2n5KXI7bnKUpZUrcM+YUgKJ9wkeVdOmLhB1NLRbJhXDjJcnOW1fVhtoMhPduengSf+pRrLR/7Vu+nBqS7uF+TarylMRDivvZSXErL7SCepwAoZ4G1XrTBaLJdbRdbhZkd4/brnGfitSEpyhtTiCGlqT1SSMpPso1u3vjiRWMWnn6NnaBddQshy4Qb6xPt6VPQGi2cqjsuKUpO8dSnkEe4qB6Y06dQT0surXDiNje/IKSpDQPOT/h+VXVp+0WnQdoYuVyXbVz5pS0uGyhLq3iCdqdp8slGSfetV7asxjN6fcsbDSI7xdktxsq7x/5lDj5sElIH8NVhfsW2PYsq3PJHodr0FYkLRaIqtSTChIju7ClCXNxzx09OtP8AF1J3sj4V/s4lsLeQGu9bSkoUcEEgD5eFUkS96biyI9hkwERQsFaUx1bX2kgEqWryGAc4PpXM/qO8znIjISphL8NnvWmjhO9CA5yfNSi7HB9kq96pJys7JhiPBOo3aBYXlW61W+PJZSopYdSg78bm0kAn03KTkfxg1y6u7VIOmYqmHLgHVSUJYZSGxuabSvB3nyHdknI6kGq31P2iaatDZt2lLe44zFbSxJlq8ne93Ep9sISn6ECmezaVVPukm4akup7t5p5oPEEhDRjbt+PQJW2fqlVYrTwUt0y7ub9qIrZrJL1DEv8A2g3eGuTCtbffuo4SH1lYOE48kDJOPStkLXK7jcH1N22C3bIdpW49F7gFsvd0Ennry8UgH607ztcRrXJt9tEdEa0PWFYTHA8ILq3Dk/vFSQlNQqZDVZ7JGsKgpy53lxtyU2nCVtxk5DbefJS1eJXoEJr0E5TXvfRzyxF4+yT35rQsSJa74/AUu2TFqbccZHDUsJSvaT+JCt24J6gGmfVF6kSbKmz2e9QUxidrsgupQpYy6AgJA8g6rn2Ap41DY71O03E0tDMKE0lld8fYLmG47LWGxuURypRW4c+iR6VXMjs+ucZTjtwdaagxme/+MSvc25n5Ak/iK8Y9iDVIbZrMpZEyeS9MDWdg0+ybw0LdbW9lznI4BJUS2Tng4aHTyJPrTkma5c47cbS+stsW3OIQ3MW0S66QrYE4PzAq2jnpxUKn3sybLabTb3lQrE1D/aEpaf8AzCkrSQr6EBPqd4NONtkQ7dqmZenHDBt0Jp+LFjODahYbS2ptIPqtQHP7wVWFsHjjovF4Q59rcu3uaXcjxtyLna1hp19KQpx1zP3mP7xI/KonpK0acs8ZyRe7qmZdFMIdXDbJVsVkkbz9MdKY9f60Q/fPiEuodQGXJCCjwhS3iVpCvUpKsZ9qrVq9y4ctUlEpQW6PvF9SfXiqxrzDDIlP3Ey7QZcqTOF3bkRXmpCyhTLTZBayMfi6jioVBlIWtmfOQ3HfK1NNSWhwFjzWPTGK0zJtwkqU7bZffpSSpzcgjbn2rVDvTIbZi32HmPHcU4FsjBUCACD+gNQva8E7sllRb5c1aZnvS3nFu2lCEpdWtO3xOIHlypJCjgfWvOfahfE3C/NSyhTbi0qdIK9wyfQnnrVn3S9xUWUwIKnHAfmccOFLAOUJI8wMn9apHVDrF0vTjbJUss7UJPqckn+ZNUu9kcF49kr7LtPMXuY/dJrJcbho70Ng4KlkcVPNNaemaiu7bL6V4ckJZbaIO0rUpISPy4NRzRcBsR3lwUuIlwmw4tKFf2mcAfXk/wA6vXsugp0ulN2muGbMhtK7oKH3bLyuVEjzKQUgH1J9KvTW37UVbwyca3vz1j0nB7KNHQkQE22MtyQ4jO59x1KF7T+aSKqLU2nZKotsflIDJuSnQ0j1LaFIJwPIqwP1q0dOxGtTM3C4z3FEuuZMhQOUjjCt3Qc4J9lK9K2ah0tGkvp1A8liVEBTEhRVLLSlNJGeM8DJJKiPMmq2WbZ7UXSWMleSNJRLBpN/VUuUwUPR1RYbBHiDeAAr88GqhsqkyLlGfkH+qyFJQ0tZztWlQx9Ktzti1QqfbUw2ojTMiQhsCOWiCwlKlJx1x0T188g1WOi7Z3s34S8ulNr77Kl93uU3wdxGPbFXXC3GTWWPFwgXN28TWZ7WxckqWsJ5SobgEke3ymuCbIgwZjaHXFl6BITsbQOSCrg/pirOuOnVWm3Ijt3Rm4w+4StiUlW5xlkjofPnGNv1qstWwH4l0caCwytSG1pcPBCcHB/OpUsmc44R6QiO9/EYdB4W0gjPoQK3U2aadcf0/bnXVJUtUZrcUnIyEgf5U6J6VdHEgT0opd2OlFWJPpdSY5zRRXhHumXXH1qnO2h6U5qG3RhJUlnuQdgHmSsE/oB+lFFaVfIpZ8So7pdW7Ffr5NZgtuC0WqIGmiopSola8lWPPxfyrqs+urzrqDcLw8U25uBFCu4iEp7zBCeVdenHTyoorvlFNpmKZM+xXUcrXM66Qrm2BCaaW8WSsrKj4vxHkdOopn7TkwJcqJZ2razGMshp15rhSkFpXBHQ9BRRXK0le8HRD+2ylJ6brp7U1j0/br082xPRGeUQgDYt5whSgPXjr71PdOWOLdNf3LT09xx6DAjMW9xpR8MhCh3e5Y/eAGQfUmiivRs4rf8Ag44fIp/7ZGmrNoSfD1fpqGiHJt8yOyhpsBLamVr7tSCB6jkn1qy9B3pu96fYsLttYbZk2SVL3jlSFtPJQjGf+XP1JoorzqW3SddnzRBnNSXCdqe4ruZEsRZJ2pcJwcuJ/wDuNXtc7qtWlrtaGIzTEcxe7WEjle9lskk/3v5UUV03/GBhD5SKblWeGdK9nF0aSW33lLjOkHIWgS1kZH5mnTs5t0XV7NwtFzSpMRF3hx3W0Kx3xkyXe8Wo+uGkAemKKK7m/Yn/APdmX7ybaN0xYdY6TjyP2a1bTc5s22SRF43NxUuLQefMqCSfXaKit0D9j0u7AYkF1FuvzZYLqQSkBDoI+hxnHqTRRWVDblI1sSQ+j4K4SdHR3re2Grla0uFCSQltZkvgkD32ip9JkS4s428P7ktttshZQN2xzvQoA+XDKR+Zooqmo+RFfxK6vV8uFusbk9h0El1uIy2oZS1uAWVgeZ8QHPkkU8wo7c59uM/lSVMN94SclZDUXBP0753H/OaKKsktqK/Yyabb/al/l36WdzsJt/uUEeFJZ+U/mSSfrV86attrtelrtf4tvaDseD+0UNn5A7sCunpnmiiufVrLRvT8WUPpZz4nTjGoHkhUp65LVk8hLjwAKwPUBIx6VdrXZjpXRMCFf7REKpstKVqcfPeFKlIySM+ZJJ/OiiramTW1ImpZiyop89//AOK8yVHPcPi3SklxB5JEVZ3fXp+lN8G4XDV+kdRN3qa689a20XBl8nxkqUQpsnzQSlCseqRRRXZBe1M50+cHRfLnJ0f2YaXTbCkt3yY+7NQ4Mhw7ljn8v0pj1dqT+j023XBNrjyFyIzb7SlZStkqyCAscqHHn60UVVJOQl0a4OtdQ64vcLS11m93aUockKjMpCUrKUKIBPmMivIPa3dpuo+1nWV4ubu9cS5rjtt/gDaMoSMewFFFYySUi7+BZXYLpqDrFMi1O/1NTKIznfNJBKglLmEkHjqs8+wq1deS0admzdLWmMhph2PEiyHCcre7qOlKVH0+VJx6iiitafkUl8SJdlGoJ0G4Q5LZSoMz5LYQehbMl0FB9iOKsFu2Mad7anNBRVKctN7c+EktLPkUlaVD0Ukjg/Wiit7uTKvpf5RhrO5SrZp/TtjiLKGYjL84qBwpx34hxAJPsP8AGm273y5TLPYrt8U6zLlSJEGQ40sp74MqaCFqx+La8U/QCiiqNLZE2fzZINI/DRO1S9RJEUTEsPuxWS+oqLY70gKHuABT/qCe/Zbum5xNofebkSE5Hhb7oq2hKen4SSeviNFFY2f3kSvgVvaSmDbY95Ke+lS3XW3FuHJKVOMtq/VK1frXfrrUU6yW6DCgbULuEVp5b/40qdAUdvpjvMD2SKKK6pLM0YLocdIaZtKf/lMiP37NyaeW6V9RtaS4Mfnn9QfKrI7QNNwbH2OXPUMXJmIiutJURjAW53Sj/wBKRRRXm6l/1Ujqr+L/AMFBi1xHLxJnSWw9/R2wR3oza+UqUW0kbh54Kiah+le+1Pq2JMukha3ZC1vuH1KAcD6YSBiiivRq6kc38E10xqO5axdu0i6KQDdJsa0OBCcBEZUWZ4EjyGW0q+tOJcaY7F7DOkxWpZbiSglDo8IzLKensFGiiuGw3j0VncGkW6y3TTjIBijUDLY3cqDZQ7lGfQlKTj+EU+RYzN5s0PSt0QJCG5kpsyFf2iglRxn9TRRV5/FGb7KPEUyri1EdeWUuLbbJ88E4qa6l0hZtGzkwWGfjC6EZcf8AmAPlxRRV7m+CKyNXKIxHcdejtJbPehohIwCAkn/OoZqmep96Hb0MttIVgEoHPQUUVzRfuLS6JLrDRsSzaVRdo8t5TqkoOFAY6V55tSt12deUAVFxZ59aKKibb7LLot3RFwVY+6mRmULeea75al85wThP0ykH8q9WaD0vbU9isbVCkd7cJslPeKcG5OC4AfD9ST+dFFbR4gUiRHWGqrvZrJGgwXktx+8QlxtKQAsKJyD7VELtqy+TUNW9E5xiPbgpDSEqzn8WST/zY/Kiip06WclbfkQ28SH5U8uS3lPKfQdxWc9E8VKOwqXHk3cQ5ttjSA62pJU4nJwUuf8A2iiisL+zSvoWyaimW25So7TTKkyR3Qyn+zSlC1Db6c1FnCb9OuxuP3nc5Sj2CduBRRWj6RmW72ZPKe0ZB3fg7xI+gWalf4TRRV49HFL5GKelFFFSQf/Z',0,0,'https://github.com/yagolomondo',NULL,0,0,0,0,1,1,NULL,'2020-05-17 17:44:48','2020-05-17 17:50:32'),(6,'Héloïse','Vieu','helolo75','Communication manager','vieu.heloise@gmail.com','$2y$10$T0zT.rvRrBpl0Qvmlolpu.Hvls12q4ZL5LLyFESV6wB04GfGd0OkS',NULL,0,0,'https://github.com/helolo75',NULL,0,0,0,0,1,1,NULL,'2020-05-17 17:44:48','2020-05-17 17:44:48'),(7,'Matheus','Matheus','matheus','Backend developer','matheus@me.com','$2y$10$mMLiryPL.ShIaCj6ysBb9eXclMXktL/aGLzn.O2XpPfM/CwTtI62.',NULL,0,1,NULL,NULL,0,0,0,0,2,3,NULL,'2020-05-17 17:44:48','2020-05-17 17:44:48'),(8,'Pedro','Pedro','p-arth','Designer & frontend developer','pedro.art.vel@gmail.com','$2y$10$Jn10MlucMb1BsgJpLMoc5eR/TR.KocTomAdA.P6oT0OnlKFeBt/Ru',NULL,0,1,NULL,NULL,0,0,0,0,3,2,NULL,'2020-05-17 17:44:48','2020-05-19 08:23:55');
/*!40000 ALTER TABLE `users` ENABLE KEYS */;
UNLOCK TABLES;
/*!40103 SET TIME_ZONE=@OLD_TIME_ZONE */;

/*!40101 SET SQL_MODE=@OLD_SQL_MODE */;
/*!40014 SET FOREIGN_KEY_CHECKS=@OLD_FOREIGN_KEY_CHECKS */;
/*!40014 SET UNIQUE_CHECKS=@OLD_UNIQUE_CHECKS */;
/*!40101 SET CHARACTER_SET_CLIENT=@OLD_CHARACTER_SET_CLIENT */;
/*!40101 SET CHARACTER_SET_RESULTS=@OLD_CHARACTER_SET_RESULTS */;
/*!40101 SET COLLATION_CONNECTION=@OLD_COLLATION_CONNECTION */;
/*!40111 SET SQL_NOTES=@OLD_SQL_NOTES */;

-- Dump completed on 2020-05-23 10:26:55
